Deck Name,Total Price,Card Name,Card Quantity,Card Price
Hammer Time,1041.08,Lurrus of the Dream-Den,1,6.92
Hammer Time,1041.08,Memnite,4,18.04
Hammer Time,1041.08,Ornithopter,4,1.48
Hammer Time,1041.08,Esper Sentinel,4,92.96
Hammer Time,1041.08,Gingerbrute,1,0.29
Hammer Time,1041.08,Kor Outfitter,2,0.66
Hammer Time,1041.08,Puresteel Paladin,4,31.8
Hammer Time,1041.08,Stoneforge Mystic,4,186.4
Hammer Time,1041.08,Colossus Hammer,4,7.64
Hammer Time,1041.08,Shadowspear,1,19.71
Hammer Time,1041.08,Springleaf Drum,4,9.0
Hammer Time,1041.08,Cranial Plating,1,0.54
Hammer Time,1041.08,Sigarda's Aid,4,32.0
Hammer Time,1041.08,Concealed Courtyard,1,2.57
Hammer Time,1041.08,Flooded Strand,1,40.32
Hammer Time,1041.08,Godless Shrine,1,13.37
Hammer Time,1041.08,Inkmoth Nexus,3,134.94
Hammer Time,1041.08,Marsh Flats,2,38.02
Hammer Time,1041.08,Plains,5,0.0
Hammer Time,1041.08,Silent Clearing,4,52.64
Hammer Time,1041.08,Urza's Saga,4,177.56
Hammer Time,1041.08,Windswept Heath,2,59.46
Hammer Time,1041.08,Path to Exile,2,8.94
Hammer Time,1041.08,Pithing Needle,1,1.0
Hammer Time,1041.08,Thoughtseize,4,59.88
Hammer Time,1041.08,Sanctifier en-Vec,3,4.74
Hammer Time,1041.08,Seal of Cleansing,2,0.5
Hammer Time,1041.08,Torpor Orb,2,39.7
Grixis Death's Shadow,1221.55,Lurrus of the Dream-Den,1,6.92
Grixis Death's Shadow,1221.55,Death's Shadow,4,23.0
Grixis Death's Shadow,1221.55,Dragon's Rage Channeler,4,10.6
Grixis Death's Shadow,1221.55,"Ragavan, Nimble Pilferer",4,345.28
Grixis Death's Shadow,1221.55,"Kroxa, Titan of Death's Hunger",2,46.0
Grixis Death's Shadow,1221.55,Fatal Push,1,2.45
Grixis Death's Shadow,1221.55,Inquisition of Kozilek,2,6.2
Grixis Death's Shadow,1221.55,Lightning Bolt,1,2.01
Grixis Death's Shadow,1221.55,Thoughtseize,4,59.88
Grixis Death's Shadow,1221.55,Unholy Heat,4,2.0
Grixis Death's Shadow,1221.55,Drown in the Loch,4,8.0
Grixis Death's Shadow,1221.55,Expressive Iteration,4,25.84
Grixis Death's Shadow,1221.55,Kolaghan's Command,1,10.75
Grixis Death's Shadow,1221.55,Mishra's Bauble,4,44.52
Grixis Death's Shadow,1221.55,Dress Down,2,5.32
Grixis Death's Shadow,1221.55,Blood Crypt,3,50.64
Grixis Death's Shadow,1221.55,Bloodstained Mire,4,159.96
Grixis Death's Shadow,1221.55,Mountain,1,0.0
Grixis Death's Shadow,1221.55,Polluted Delta,4,195.8
Grixis Death's Shadow,1221.55,Scalding Tarn,3,99.33
Grixis Death's Shadow,1221.55,Steam Vents,1,15.27
Grixis Death's Shadow,1221.55,Swamp,1,0.0
Grixis Death's Shadow,1221.55,Watery Grave,2,25.98
Grixis Death's Shadow,1221.55,Engineered Explosives,1,18.99
Grixis Death's Shadow,1221.55,Alpine Moon,2,16.0
Grixis Death's Shadow,1221.55,Nihil Spellbomb,1,0.52
Grixis Death's Shadow,1221.55,Pyrite Spellbomb,1,0.25
Grixis Death's Shadow,1221.55,Spell Pierce,2,0.7
Grixis Death's Shadow,1221.55,Dress Down,1,2.66
Grixis Death's Shadow,1221.55,Terminate,2,1.88
Grixis Death's Shadow,1221.55,"Tourach, Dread Cantor",2,13.3
Grixis Death's Shadow,1221.55,Kolaghan's Command,2,21.5
4c Blink,1977.86,"Yorion, Sky Nomad",1,2.75
4c Blink,1977.86,Ice-Fang Coatl,3,12.0
4c Blink,1977.86,Endurance,1,36.47
4c Blink,1977.86,Eternal Witness,2,7.0
4c Blink,1977.86,"Omnath, Locus of Creation",4,45.72
4c Blink,1977.86,Fury,2,44.0
4c Blink,1977.86,Solitude,4,220.0
4c Blink,1977.86,Wrenn and Six,4,411.96
4c Blink,1977.86,"Teferi, Time Raveler",4,75.6
4c Blink,1977.86,Ephemerate,3,3.9
4c Blink,1977.86,Lightning Bolt,2,4.02
4c Blink,1977.86,Prismatic Ending,4,14.84
4c Blink,1977.86,Counterspell,2,3.02
4c Blink,1977.86,Eladamri's Call,3,20.97
4c Blink,1977.86,Expressive Iteration,4,25.84
4c Blink,1977.86,Force of Negation,2,149.28
4c Blink,1977.86,Abundant Growth,4,2.84
4c Blink,1977.86,Spreading Seas,3,15.69
4c Blink,1977.86,Breeding Pool,1,21.93
4c Blink,1977.86,Flooded Strand,4,161.28
4c Blink,1977.86,Hallowed Fountain,1,8.95
4c Blink,1977.86,Ketria Triome,1,11.99
4c Blink,1977.86,Misty Rainforest,4,120.0
4c Blink,1977.86,Raugrin Triome,1,12.58
4c Blink,1977.86,Sacred Foundry,1,19.94
4c Blink,1977.86,Snow-Covered Forest,2,2.0
4c Blink,1977.86,Snow-Covered Island,2,2.5
4c Blink,1977.86,Snow-Covered Plains,1,0.38
4c Blink,1977.86,Steam Vents,1,15.27
4c Blink,1977.86,Stomping Ground,1,10.38
4c Blink,1977.86,Temple Garden,1,10.8
4c Blink,1977.86,Windswept Heath,4,118.92
4c Blink,1977.86,Wooded Foothills,4,156.2
4c Blink,1977.86,Flusterstorm,2,54.1
4c Blink,1977.86,Veil of Summer,2,17.54
4c Blink,1977.86,Aether Gust,2,1.0
4c Blink,1977.86,Lightning Helix,2,2.12
4c Blink,1977.86,Force of Negation,1,74.64
4c Blink,1977.86,Knight of Autumn,1,0.73
4c Blink,1977.86,Force of Vigor,2,51.92
4c Blink,1977.86,Subtlety,1,6.09
4c Blink,1977.86,Obsidian Charmaw,1,0.7
Murktide Regent,1297.68,Dragon's Rage Channeler,4,10.6
Murktide Regent,1297.68,"Ragavan, Nimble Pilferer",4,345.28
Murktide Regent,1297.68,Brazen Borrower,1,12.0
Murktide Regent,1297.68,Murktide Regent,4,76.0
Murktide Regent,1297.68,Consider,4,8.0
Murktide Regent,1297.68,Lightning Bolt,4,8.04
Murktide Regent,1297.68,Serum Visions,2,2.0
Murktide Regent,1297.68,Spell Pierce,1,0.35
Murktide Regent,1297.68,Unholy Heat,4,2.0
Murktide Regent,1297.68,Counterspell,3,4.53
Murktide Regent,1297.68,Expressive Iteration,4,25.84
Murktide Regent,1297.68,Engineered Explosives,1,18.99
Murktide Regent,1297.68,Mishra's Bauble,4,44.52
Murktide Regent,1297.68,Blood Moon,2,36.78
Murktide Regent,1297.68,Fiery Islet,1,14.99
Murktide Regent,1297.68,Flooded Strand,2,80.64
Murktide Regent,1297.68,Island,3,0.0
Murktide Regent,1297.68,Misty Rainforest,2,60.0
Murktide Regent,1297.68,Polluted Delta,2,97.9
Murktide Regent,1297.68,Scalding Tarn,1,33.11
Murktide Regent,1297.68,Spirebluff Canal,4,61.76
Murktide Regent,1297.68,Steam Vents,3,45.81
Murktide Regent,1297.68,Engineered Explosives,2,37.98
Murktide Regent,1297.68,Flusterstorm,1,27.05
Murktide Regent,1297.68,Relic of Progenitus,2,11.74
Murktide Regent,1297.68,Soul-Guide Lantern,1,2.42
Murktide Regent,1297.68,Dress Down,2,5.32
Murktide Regent,1297.68,Force of Negation,1,74.64
Murktide Regent,1297.68,Mystical Dispute,2,2.1
Murktide Regent,1297.68,"Jace, the Mind Sculptor",2,119.2
Murktide Regent,1297.68,Subtlety,1,6.09
Murktide Regent,1297.68,Fury,1,22.0
Crashing Footfalls,1325.45,Bonecrusher Giant,2,1.62
Crashing Footfalls,1325.45,Brazen Borrower,4,48.0
Crashing Footfalls,1325.45,Shardless Agent,4,2.92
Crashing Footfalls,1325.45,"Teferi, Time Raveler",4,75.6
Crashing Footfalls,1325.45,Crashing Footfalls,4,9.96
Crashing Footfalls,1325.45,Force of Negation,4,298.56
Crashing Footfalls,1325.45,Violent Outburst,4,22.8
Crashing Footfalls,1325.45,Dead // Gone,2,0.5
Crashing Footfalls,1325.45,Fire // Ice,4,1.2
Crashing Footfalls,1325.45,Ardent Plea,4,18.2
Crashing Footfalls,1325.45,Breeding Pool,1,21.93
Crashing Footfalls,1325.45,Flooded Strand,2,80.64
Crashing Footfalls,1325.45,Forest,1,0.0
Crashing Footfalls,1325.45,Gemstone Caverns,2,55.76
Crashing Footfalls,1325.45,Hallowed Fountain,1,8.95
Crashing Footfalls,1325.45,Island,1,0.0
Crashing Footfalls,1325.45,Ketria Triome,1,11.99
Crashing Footfalls,1325.45,Misty Rainforest,4,120.0
Crashing Footfalls,1325.45,Mountain,1,0.0
Crashing Footfalls,1325.45,Plains,1,0.0
Crashing Footfalls,1325.45,Raugrin Triome,1,12.58
Crashing Footfalls,1325.45,Sacred Foundry,1,19.94
Crashing Footfalls,1325.45,Scalding Tarn,4,132.44
Crashing Footfalls,1325.45,Steam Vents,1,15.27
Crashing Footfalls,1325.45,Stomping Ground,1,10.38
Crashing Footfalls,1325.45,Temple Garden,1,10.8
Crashing Footfalls,1325.45,Gemstone Caverns,2,55.76
Crashing Footfalls,1325.45,Blood Moon,2,36.78
Crashing Footfalls,1325.45,Endurance,4,145.88
Crashing Footfalls,1325.45,Mystical Dispute,3,3.15
Crashing Footfalls,1325.45,Force of Vigor,4,103.84
Burn,555.91,Lurrus of the Dream-Den,1,6.92
Burn,555.91,Goblin Guide,4,22.76
Burn,555.91,Monastery Swiftspear,4,5.28
Burn,555.91,Eidolon of the Great Revel,4,65.8
Burn,555.91,Lava Spike,4,13.8
Burn,555.91,Lightning Bolt,4,8.04
Burn,555.91,Boros Charm,4,7.16
Burn,555.91,Lightning Helix,3,3.18
Burn,555.91,Searing Blaze,4,7.16
Burn,555.91,Skullcrack,1,3.12
Burn,555.91,Rift Bolt,4,1.96
Burn,555.91,Skewer the Critics,4,2.4
Burn,555.91,Arid Mesa,2,39.98
Burn,555.91,Bloodstained Mire,2,79.98
Burn,555.91,Fiery Islet,1,14.99
Burn,555.91,Inspiring Vantage,4,35.52
Burn,555.91,Mountain,3,0.0
Burn,555.91,Sacred Foundry,2,39.88
Burn,555.91,Sunbaked Canyon,4,82.84
Burn,555.91,Wooded Foothills,2,78.1
Burn,555.91,Path to Exile,2,8.94
Burn,555.91,Deflecting Palm,3,3.18
Burn,555.91,Rest in Peace,2,12.9
Burn,555.91,Skullcrack,3,9.36
Burn,555.91,Smash to Smithereens,2,0.7
Burn,555.91,Exquisite Firecraft,2,1.96
Jund,1768.57,Lurrus of the Dream-Den,1,6.92
Jund,1768.57,Elvish Reclaimer,4,22.24
Jund,1768.57,"Ragavan, Nimble Pilferer",4,345.28
Jund,1768.57,"Kroxa, Titan of Death's Hunger",1,23.0
Jund,1768.57,Tarmogoyf,4,99.96
Jund,1768.57,"Tourach, Dread Cantor",2,13.3
Jund,1768.57,Wrenn and Six,4,411.96
Jund,1768.57,Fatal Push,2,4.9
Jund,1768.57,Inquisition of Kozilek,4,12.4
Jund,1768.57,Lightning Bolt,1,2.01
Jund,1768.57,Thoughtseize,2,29.94
Jund,1768.57,Unholy Heat,2,1.0
Jund,1768.57,Assassin's Trophy,2,29.02
Jund,1768.57,Kolaghan's Command,2,21.5
Jund,1768.57,Pyrite Spellbomb,1,0.25
Jund,1768.57,Shadowspear,1,19.71
Jund,1768.57,Soul-Guide Lantern,1,2.42
Jund,1768.57,Blackcleave Cliffs,1,33.0
Jund,1768.57,Blood Crypt,2,33.76
Jund,1768.57,Bloodstained Mire,3,119.97
Jund,1768.57,Blooming Marsh,1,7.08
Jund,1768.57,Forest,1,0.0
Jund,1768.57,Mountain,1,0.0
Jund,1768.57,Overgrown Tomb,2,27.76
Jund,1768.57,Stomping Ground,1,10.38
Jund,1768.57,Swamp,2,0.0
Jund,1768.57,Urza's Saga,4,177.56
Jund,1768.57,Verdant Catacombs,4,101.52
Jund,1768.57,Wooded Foothills,1,39.05
Jund,1768.57,Blast Zone,1,3.27
Jund,1768.57,Bojuka Bog,1,1.25
Jund,1768.57,Chalice of the Void,1,68.0
Jund,1768.57,Engineered Explosives,1,18.99
Jund,1768.57,Ghost Quarter,1,1.4
Jund,1768.57,Alpine Moon,2,16.0
Jund,1768.57,Nihil Spellbomb,2,1.04
Jund,1768.57,Collective Brutality,2,8.7
Jund,1768.57,Boil,1,2.11
Jund,1768.57,Force of Vigor,2,51.92
Yawgmoth,856.95,Dryad Arbor,1,3.0
Yawgmoth,856.95,Birds of Paradise,4,47.32
Yawgmoth,856.95,Ignoble Hierarch,4,22.76
Yawgmoth,856.95,Young Wolf,4,3.36
Yawgmoth,856.95,Strangleroot Geist,4,2.0
Yawgmoth,856.95,Wall of Roots,4,1.72
Yawgmoth,856.95,Zulaport Cutthroat,1,1.27
Yawgmoth,856.95,Augur of Autumn,1,7.18
Yawgmoth,856.95,Endurance,1,36.47
Yawgmoth,856.95,Geralf's Messenger,1,12.93
Yawgmoth,856.95,"Yawgmoth, Thran Physician",4,139.96
Yawgmoth,856.95,"Grist, the Hunger Tide",3,18.69
Yawgmoth,856.95,Chord of Calling,4,25.96
Yawgmoth,856.95,Eldritch Evolution,4,28.6
Yawgmoth,856.95,Blooming Marsh,3,21.24
Yawgmoth,856.95,Forest,2,0.0
Yawgmoth,856.95,Misty Rainforest,2,60.0
Yawgmoth,856.95,Nurturing Peatland,2,21.76
Yawgmoth,856.95,Overgrown Tomb,2,27.76
Yawgmoth,856.95,Stomping Ground,1,10.38
Yawgmoth,856.95,Swamp,1,0.0
Yawgmoth,856.95,Twilight Mire,1,12.83
Yawgmoth,856.95,"Urborg, Tomb of Yawgmoth",1,30.9
Yawgmoth,856.95,Verdant Catacombs,4,101.52
Yawgmoth,856.95,"Yavimaya, Cradle of Growth",1,11.99
Yawgmoth,856.95,Thoughtseize,3,44.91
Yawgmoth,856.95,Outland Liberator,1,0.42
Yawgmoth,856.95,Scavenging Ooze,1,0.99
Yawgmoth,856.95,Endurance,2,72.94
Yawgmoth,856.95,Magus of the Moon,1,4.4
Yawgmoth,856.95,Necromentia,2,1.0
Yawgmoth,856.95,Force of Vigor,2,51.92
Yawgmoth,856.95,Obstinate Baloth,1,0.85
Yawgmoth,856.95,Crime // Punishment,2,29.92
4c Living End,872.37,Brazen Borrower,2,24.0
4c Living End,872.37,Shardless Agent,4,2.92
4c Living End,872.37,Architects of Will,4,2.0
4c Living End,872.37,Curator of Mysteries,4,1.2
4c Living End,872.37,Grief,4,58.04
4c Living End,872.37,Street Wraith,4,8.04
4c Living End,872.37,Striped Riverwinder,4,1.92
4c Living End,872.37,Waker of Waves,4,1.32
4c Living End,872.37,Living End,3,16.41
4c Living End,872.37,Force of Negation,4,298.56
4c Living End,872.37,Violent Outburst,4,22.8
4c Living End,872.37,Botanical Sanctum,3,17.91
4c Living End,872.37,Breeding Pool,2,43.86
4c Living End,872.37,Forest,1,0.0
4c Living End,872.37,Island,1,0.0
4c Living End,872.37,Misty Rainforest,4,120.0
4c Living End,872.37,Scalding Tarn,2,66.22
4c Living End,872.37,Spirebluff Canal,3,46.32
4c Living End,872.37,Steam Vents,2,30.54
4c Living End,872.37,Sunken Ruins,1,17.78
4c Living End,872.37,Endurance,1,36.47
4c Living End,872.37,Faerie Macabre,3,2.61
4c Living End,872.37,Mystical Dispute,2,2.1
4c Living End,872.37,Force of Vigor,1,25.96
4c Living End,872.37,Foundation Breaker,2,0.98
4c Living End,872.37,Leyline of Sanctity,3,11.97
4c Living End,872.37,Subtlety,2,12.18
4c Living End,872.37,Ingot Chewer,1,0.26
Azorius Control,1287.51,"Kaheera, the Orphanguard",1,1.33
Azorius Control,1287.51,Solitude,4,220.0
Azorius Control,1287.51,"Teferi, Time Raveler",4,75.6
Azorius Control,1287.51,"Teferi, Hero of Dominaria",3,78.48
Azorius Control,1287.51,Prismatic Ending,4,14.84
Azorius Control,1287.51,Counterspell,4,6.04
Azorius Control,1287.51,Dovin's Veto,1,3.09
Azorius Control,1287.51,Archmage's Charm,4,64.56
Azorius Control,1287.51,Memory Deluge,3,17.82
Azorius Control,1287.51,Supreme Verdict,3,23.43
Azorius Control,1287.51,Chalice of the Void,1,68.0
Azorius Control,1287.51,Spreading Seas,4,20.92
Azorius Control,1287.51,Breeding Pool,1,21.93
Azorius Control,1287.51,Castle Vantress,3,6.36
Azorius Control,1287.51,Celestial Colonnade,1,4.4
Azorius Control,1287.51,Flooded Strand,4,161.28
Azorius Control,1287.51,Hall of Storm Giants,1,4.19
Azorius Control,1287.51,Hallowed Fountain,2,17.9
Azorius Control,1287.51,Island,3,0.0
Azorius Control,1287.51,Misty Rainforest,2,60.0
Azorius Control,1287.51,Mystic Gate,4,122.48
Azorius Control,1287.51,Plains,2,0.0
Azorius Control,1287.51,Polluted Delta,1,48.95
Azorius Control,1287.51,Raugrin Triome,1,12.58
Azorius Control,1287.51,Chalice of the Void,1,68.0
Azorius Control,1287.51,Dovin's Veto,2,6.18
Azorius Control,1287.51,Dress Down,2,5.32
Azorius Control,1287.51,Rest in Peace,2,12.9
Azorius Control,1287.51,Supreme Verdict,1,7.81
Azorius Control,1287.51,Shark Typhoon,4,42.48
Azorius Control,1287.51,"Emrakul, the Promised End",1,43.74
Azorius Control,1287.51,"Emrakul, the Aeons Torn",1,46.9
Amulet Titan,917.78,Arboreal Grazer,4,1.4
Amulet Titan,917.78,"Azusa, Lost but Seeking",1,7.98
Amulet Titan,917.78,Dryad of the Ilysian Grove,4,60.0
Amulet Titan,917.78,Primeval Titan,4,25.96
Amulet Titan,917.78,"Karn, the Great Creator",4,44.0
Amulet Titan,917.78,Summoner's Pact,4,15.16
Amulet Titan,917.78,Explore,3,0.9
Amulet Titan,917.78,Amulet of Vigor,4,90.68
Amulet Titan,917.78,Expedition Map,1,1.97
Amulet Titan,917.78,Breeding Pool,1,21.93
Amulet Titan,917.78,Castle Garenbrig,2,10.94
Amulet Titan,917.78,Cavern of Souls,2,170.48
Amulet Titan,917.78,Forest,4,0.0
Amulet Titan,917.78,Gruul Turf,4,1.2
Amulet Titan,917.78,Hanweir Battlements,1,3.12
Amulet Titan,917.78,Lair of the Hydra,1,2.0
Amulet Titan,917.78,Radiant Fountain,1,0.25
Amulet Titan,917.78,Simic Growth Chamber,4,1.04
Amulet Titan,917.78,Tolaria West,2,4.98
Amulet Titan,917.78,Urza's Saga,4,177.56
Amulet Titan,917.78,"Valakut, the Molten Pinnacle",3,70.47
Amulet Titan,917.78,Verdant Catacombs,1,25.38
Amulet Titan,917.78,Vesuva,1,10.75
Amulet Titan,917.78,Bojuka Bog,1,1.25
Amulet Titan,917.78,Engineered Explosives,2,37.98
Amulet Titan,917.78,Ghost Quarter,1,1.4
Amulet Titan,917.78,Tormod's Crypt,1,0.5
Amulet Titan,917.78,Treasure Vault,1,6.41
Amulet Titan,917.78,Pithing Needle,1,1.0
Amulet Titan,917.78,Liquimetal Coating,1,1.17
Amulet Titan,917.78,Outland Liberator,1,0.42
Amulet Titan,917.78,Endurance,1,36.47
Amulet Titan,917.78,Tireless Tracker,1,6.15
Amulet Titan,917.78,Force of Vigor,2,51.92
Amulet Titan,917.78,"Skysovereign, Consul Flagship",1,2.0
Amulet Titan,917.78,Wurmcoil Engine,1,22.96
Azorius Mill,700.52,Lurrus of the Dream-Den,1,6.92
Azorius Mill,700.52,Hedron Crab,4,27.12
Azorius Mill,700.52,Ruin Crab,4,3.96
Azorius Mill,700.52,Consider,2,4.0
Azorius Mill,700.52,Prismatic Ending,4,14.84
Azorius Mill,700.52,Repeal,1,0.25
Azorius Mill,700.52,Visions of Beyond,4,35.04
Azorius Mill,700.52,Maddening Cacophony,3,7.62
Azorius Mill,700.52,Remand,3,9.9
Azorius Mill,700.52,Fractured Sanity,4,4.56
Azorius Mill,700.52,Tasha's Hideous Laughter,4,19.96
Azorius Mill,700.52,Archive Trap,4,91.96
Azorius Mill,700.52,Field of Ruin,4,1.48
Azorius Mill,700.52,Flooded Strand,4,161.28
Azorius Mill,700.52,Hallowed Fountain,2,17.9
Azorius Mill,700.52,Island,5,0.0
Azorius Mill,700.52,"Oboro, Palace in the Clouds",1,81.07
Azorius Mill,700.52,Plains,1,0.0
Azorius Mill,700.52,Polluted Delta,2,97.9
Azorius Mill,700.52,Scalding Tarn,2,66.22
Azorius Mill,700.52,Shelldock Isle,1,6.94
Azorius Mill,700.52,Watery Grave,1,12.99
Azorius Mill,700.52,Tormod's Crypt,1,0.5
Azorius Mill,700.52,Blossoming Calm,1,0.25
Azorius Mill,700.52,Nihil Spellbomb,1,0.52
Azorius Mill,700.52,Path to Exile,2,8.94
Azorius Mill,700.52,Portable Hole,4,7.48
Azorius Mill,700.52,Profane Memento,1,1.24
Azorius Mill,700.52,Soul-Guide Lantern,4,9.68
4c Omnath,2168.05,"Yorion, Sky Nomad",1,2.75
4c Omnath,2168.05,"Omnath, Locus of Creation",4,45.72
4c Omnath,2168.05,Solitude,4,220.0
4c Omnath,2168.05,Wrenn and Six,4,411.96
4c Omnath,2168.05,"Teferi, Time Raveler",4,75.6
4c Omnath,2168.05,"Jace, the Mind Sculptor",1,59.6
4c Omnath,2168.05,"Teferi, Hero of Dominaria",2,52.32
4c Omnath,2168.05,Prismatic Ending,4,14.84
4c Omnath,2168.05,Counterspell,4,6.04
4c Omnath,2168.05,Expressive Iteration,4,25.84
4c Omnath,2168.05,Force of Negation,2,149.28
4c Omnath,2168.05,Memory Deluge,2,11.88
4c Omnath,2168.05,Supreme Verdict,3,23.43
4c Omnath,2168.05,Fire // Ice,3,0.9
4c Omnath,2168.05,Chalice of the Void,2,136.0
4c Omnath,2168.05,Abundant Growth,4,2.84
4c Omnath,2168.05,Spreading Seas,4,20.92
4c Omnath,2168.05,Breeding Pool,1,21.93
4c Omnath,2168.05,Flooded Strand,4,161.28
4c Omnath,2168.05,Hallowed Fountain,1,8.95
4c Omnath,2168.05,Ketria Triome,1,11.99
4c Omnath,2168.05,Lonely Sandbar,1,0.25
4c Omnath,2168.05,Misty Rainforest,4,120.0
4c Omnath,2168.05,Raugrin Triome,1,12.58
4c Omnath,2168.05,Sacred Foundry,1,19.94
4c Omnath,2168.05,Scalding Tarn,4,132.44
4c Omnath,2168.05,Snow-Covered Forest,1,1.0
4c Omnath,2168.05,Snow-Covered Island,2,2.5
4c Omnath,2168.05,Snow-Covered Plains,1,0.38
4c Omnath,2168.05,Steam Vents,1,15.27
4c Omnath,2168.05,Stomping Ground,1,10.38
4c Omnath,2168.05,Temple Garden,1,10.8
4c Omnath,2168.05,Windswept Heath,4,118.92
4c Omnath,2168.05,Relic of Progenitus,2,11.74
4c Omnath,2168.05,Veil of Summer,4,35.08
4c Omnath,2168.05,Dovin's Veto,2,6.18
4c Omnath,2168.05,Dress Down,2,5.32
4c Omnath,2168.05,Force of Negation,2,149.28
4c Omnath,2168.05,Force of Vigor,2,51.92
Jeskai Control,1223.23,"Kaheera, the Orphanguard",1,1.33
Jeskai Control,1223.23,Solitude,4,220.0
Jeskai Control,1223.23,"Teferi, Time Raveler",3,56.7
Jeskai Control,1223.23,"Jace, the Mind Sculptor",1,59.6
Jeskai Control,1223.23,"Teferi, Hero of Dominaria",2,52.32
Jeskai Control,1223.23,Prismatic Ending,4,14.84
Jeskai Control,1223.23,Counterspell,4,6.04
Jeskai Control,1223.23,Archmage's Charm,4,64.56
Jeskai Control,1223.23,Memory Deluge,2,11.88
Jeskai Control,1223.23,Supreme Verdict,3,23.43
Jeskai Control,1223.23,Fire // Ice,3,0.9
Jeskai Control,1223.23,Chalice of the Void,1,68.0
Jeskai Control,1223.23,Dress Down,2,5.32
Jeskai Control,1223.23,Shark Typhoon,2,21.24
Jeskai Control,1223.23,Castle Vantress,2,4.24
Jeskai Control,1223.23,Celestial Colonnade,1,4.4
Jeskai Control,1223.23,Flooded Strand,4,161.28
Jeskai Control,1223.23,Hall of Storm Giants,1,4.19
Jeskai Control,1223.23,Hallowed Fountain,2,17.9
Jeskai Control,1223.23,Island,4,0.0
Jeskai Control,1223.23,Misty Rainforest,1,30.0
Jeskai Control,1223.23,Mystic Gate,3,91.86
Jeskai Control,1223.23,Plains,2,0.0
Jeskai Control,1223.23,Polluted Delta,1,48.95
Jeskai Control,1223.23,Raugrin Triome,2,25.16
Jeskai Control,1223.23,Scalding Tarn,1,33.11
Jeskai Control,1223.23,Steam Vents,1,15.27
Jeskai Control,1223.23,Chalice of the Void,1,68.0
Jeskai Control,1223.23,Alpine Moon,1,8.0
Jeskai Control,1223.23,Flusterstorm,1,27.05
Jeskai Control,1223.23,Celestial Purge,2,0.52
Jeskai Control,1223.23,Dovin's Veto,2,6.18
Jeskai Control,1223.23,Rest in Peace,2,12.9
Jeskai Control,1223.23,Mystical Dispute,1,1.05
Jeskai Control,1223.23,Crumble to Dust,1,0.25
Jeskai Control,1223.23,Wear // Tear,1,2.4
Jeskai Control,1223.23,Shark Typhoon,1,10.62
Jeskai Control,1223.23,"Emrakul, the Promised End",1,43.74
Mono-Green Tron,752.96,Walking Ballista,1,16.58
Mono-Green Tron,752.96,Wurmcoil Engine,2,45.92
Mono-Green Tron,752.96,Sundering Titan,1,0.79
Mono-Green Tron,752.96,"Ulamog, the Ceaseless Hunger",2,110.3
Mono-Green Tron,752.96,"Emrakul, the Promised End",1,43.74
Mono-Green Tron,752.96,"Karn, the Great Creator",4,44.0
Mono-Green Tron,752.96,Karn Liberated,4,117.24
Mono-Green Tron,752.96,"Ugin, the Spirit Dragon",2,47.9
Mono-Green Tron,752.96,Ancient Stirrings,4,1.64
Mono-Green Tron,752.96,Sylvan Scrying,4,2.0
Mono-Green Tron,752.96,All Is Dust,1,8.67
Mono-Green Tron,752.96,Chromatic Sphere,4,3.28
Mono-Green Tron,752.96,Chromatic Star,4,1.96
Mono-Green Tron,752.96,Expedition Map,4,7.88
Mono-Green Tron,752.96,Relic of Progenitus,2,11.74
Mono-Green Tron,752.96,Oblivion Stone,2,5.64
Mono-Green Tron,752.96,Blast Zone,1,3.27
Mono-Green Tron,752.96,Forest,3,0.0
Mono-Green Tron,752.96,Sanctum of Ugin,1,1.19
Mono-Green Tron,752.96,Urza's Mine,4,3.16
Mono-Green Tron,752.96,Urza's Power Plant,4,3.4
Mono-Green Tron,752.96,Urza's Tower,4,3.12
Mono-Green Tron,752.96,"Yavimaya, Cradle of Growth",1,11.99
Mono-Green Tron,752.96,Chalice of the Void,1,68.0
Mono-Green Tron,752.96,Walking Ballista,1,16.58
Mono-Green Tron,752.96,Grafdigger's Cage,1,2.09
Mono-Green Tron,752.96,Nature's Claim,3,3.57
Mono-Green Tron,752.96,Pithing Needle,1,1.0
Mono-Green Tron,752.96,Liquimetal Coating,1,1.17
Mono-Green Tron,752.96,Torpor Orb,1,19.85
Mono-Green Tron,752.96,Ensnaring Bridge,1,21.06
Mono-Green Tron,752.96,Force of Vigor,2,51.92
Mono-Green Tron,752.96,Thragtusk,1,0.5
Mono-Green Tron,752.96,Sundering Titan,1,0.79
Mono-Green Tron,752.96,"Kozilek, Butcher of Truth",1,71.02
Gruul Midrange,1219.69,Arbor Elf,4,2.72
Gruul Midrange,1219.69,Bonecrusher Giant,4,3.24
Gruul Midrange,1219.69,Endurance,3,109.41
Gruul Midrange,1219.69,Seasoned Pyromancer,4,140.36
Gruul Midrange,1219.69,Moonveil Regent,2,6.4
Gruul Midrange,1219.69,"Thrun, the Last Troll",2,6.22
Gruul Midrange,1219.69,Fury,4,88.0
Gruul Midrange,1219.69,Wrenn and Six,2,205.98
Gruul Midrange,1219.69,"Chandra, Torch of Defiance",1,7.98
Gruul Midrange,1219.69,Lightning Bolt,4,8.04
Gruul Midrange,1219.69,Shatterskull Smashing,1,9.1
Gruul Midrange,1219.69,Utopia Sprawl,4,21.16
Gruul Midrange,1219.69,Blood Moon,4,73.56
Gruul Midrange,1219.69,Forest,6,0.0
Gruul Midrange,1219.69,Mountain,1,0.0
Gruul Midrange,1219.69,Prismatic Vista,1,28.0
Gruul Midrange,1219.69,Stomping Ground,4,41.52
Gruul Midrange,1219.69,Verdant Catacombs,3,76.14
Gruul Midrange,1219.69,Windswept Heath,2,59.46
Gruul Midrange,1219.69,Wooded Foothills,4,156.2
Gruul Midrange,1219.69,Pithing Needle,3,3.0
Gruul Midrange,1219.69,Relic of Progenitus,2,11.74
Gruul Midrange,1219.69,Veil of Summer,2,17.54
Gruul Midrange,1219.69,Ancient Grudge,2,0.5
Gruul Midrange,1219.69,Endurance,1,36.47
Gruul Midrange,1219.69,Force of Vigor,4,103.84
Gruul Midrange,1219.69,"Thrun, the Last Troll",1,3.11
Belcher,426.73,"Kaheera, the Orphanguard",1,1.33
Belcher,426.73,Fury,3,66.0
Belcher,426.73,Pact of Negation,3,38.13
Belcher,426.73,Pact of the Titan,1,0.4
Belcher,426.73,Infernal Plunge,1,0.3
Belcher,426.73,Spikefield Hazard,4,1.2
Belcher,426.73,Strike It Rich,3,1.32
Belcher,426.73,Desperate Ritual,4,5.96
Belcher,426.73,Manamorphose,4,18.0
Belcher,426.73,Pyretic Ritual,4,14.24
Belcher,426.73,Shatterskull Smashing,4,36.4
Belcher,426.73,Bala Ged Recovery,3,11.91
Belcher,426.73,Recross the Paths,4,6.32
Belcher,426.73,Valakut Awakening,4,28.96
Belcher,426.73,Irencrag Feat,3,1.8
Belcher,426.73,Reforge the Soul,2,21.98
Belcher,426.73,Emeria's Call,4,18.0
Belcher,426.73,Turntimber Symbiosis,4,13.0
Belcher,426.73,Goblin Charbelcher,4,6.44
Belcher,426.73,Pyromancer Ascension,1,0.5
Belcher,426.73,Nature's Claim,1,1.19
Belcher,426.73,Veil of Summer,3,26.31
Belcher,426.73,Magus of the Moon,3,13.2
Belcher,426.73,Force of Vigor,3,77.88
Belcher,426.73,Leyline of Sanctity,4,15.96
Prowess,856.13,Lurrus of the Dream-Den,1,6.92
Prowess,856.13,Dragon's Rage Channeler,4,10.6
Prowess,856.13,Monastery Swiftspear,4,5.28
Prowess,856.13,"Ragavan, Nimble Pilferer",4,345.28
Prowess,856.13,Soul-Scar Mage,4,5.96
Prowess,856.13,Lava Dart,4,1.0
Prowess,856.13,Lightning Bolt,4,8.04
Prowess,856.13,Path to Exile,2,8.94
Prowess,856.13,Prismatic Ending,3,11.13
Prowess,856.13,Reckless Impulse,4,1.0
Prowess,856.13,Light Up the Stage,4,1.64
Prowess,856.13,Mishra's Bauble,4,44.52
Prowess,856.13,Arid Mesa,1,19.99
Prowess,856.13,Bloodstained Mire,2,79.98
Prowess,856.13,Inspiring Vantage,4,35.52
Prowess,856.13,Sacred Foundry,3,59.82
Prowess,856.13,Snow-Covered Mountain,3,2.25
Prowess,856.13,Sunbaked Canyon,4,82.84
Prowess,856.13,Wooded Foothills,2,78.1
Prowess,856.13,Alpine Moon,2,16.0
Prowess,856.13,Path to Exile,2,8.94
Prowess,856.13,Prismatic Ending,1,3.71
Prowess,856.13,Relic of Progenitus,1,5.87
Prowess,856.13,Soul-Guide Lantern,2,4.84
Prowess,856.13,Deflecting Palm,2,2.12
Prowess,856.13,Kor Firewalker,2,1.04
Prowess,856.13,Wear // Tear,2,4.8
Rakdos Midrange,1366.06,Lurrus of the Dream-Den,1,6.92
Rakdos Midrange,1366.06,Dragon's Rage Channeler,4,10.6
Rakdos Midrange,1366.06,"Ragavan, Nimble Pilferer",4,345.28
Rakdos Midrange,1366.06,Dauthi Voidwalker,2,20.46
Rakdos Midrange,1366.06,"Kroxa, Titan of Death's Hunger",3,69.0
Rakdos Midrange,1366.06,"Tourach, Dread Cantor",3,19.95
Rakdos Midrange,1366.06,Inquisition of Kozilek,3,9.3
Rakdos Midrange,1366.06,Lightning Bolt,3,6.03
Rakdos Midrange,1366.06,Thoughtseize,4,59.88
Rakdos Midrange,1366.06,Unholy Heat,4,2.0
Rakdos Midrange,1366.06,Terminate,2,1.88
Rakdos Midrange,1366.06,Kolaghan's Command,2,21.5
Rakdos Midrange,1366.06,Mishra's Bauble,4,44.52
Rakdos Midrange,1366.06,Blackcleave Cliffs,3,99.0
Rakdos Midrange,1366.06,Blood Crypt,3,50.64
Rakdos Midrange,1366.06,Bloodstained Mire,4,159.96
Rakdos Midrange,1366.06,Den of the Bugbear,3,25.41
Rakdos Midrange,1366.06,Graven Cairns,2,19.26
Rakdos Midrange,1366.06,Mountain,1,0.0
Rakdos Midrange,1366.06,Polluted Delta,1,48.95
Rakdos Midrange,1366.06,"Shinka, the Bloodsoaked Keep",1,30.01
Rakdos Midrange,1366.06,"Shizo, Death's Storehouse",1,31.87
Rakdos Midrange,1366.06,Swamp,2,0.0
Rakdos Midrange,1366.06,"Urborg, Tomb of Yawgmoth",1,30.9
Rakdos Midrange,1366.06,Chalice of the Void,2,136.0
Rakdos Midrange,1366.06,Engineered Explosives,2,37.98
Rakdos Midrange,1366.06,Alpine Moon,3,24.0
Rakdos Midrange,1366.06,Nihil Spellbomb,2,1.04
Rakdos Midrange,1366.06,Pyrite Spellbomb,1,0.25
Rakdos Midrange,1366.06,Collective Brutality,2,8.7
Rakdos Midrange,1366.06,Dark Confidant,1,34.54
Rakdos Midrange,1366.06,Dauthi Voidwalker,1,10.23
Indomitable Creativity,1309.56,Serra's Emissary,1,4.27
Indomitable Creativity,1309.56,"Emrakul, the Aeons Torn",1,46.9
Indomitable Creativity,1309.56,Wrenn and Six,4,411.96
Indomitable Creativity,1309.56,"Teferi, Time Raveler",4,75.6
Indomitable Creativity,1309.56,"Jace, the Mind Sculptor",2,119.2
Indomitable Creativity,1309.56,"Nahiri, the Harbinger",1,1.57
Indomitable Creativity,1309.56,Hard Evidence,3,0.66
Indomitable Creativity,1309.56,Lightning Bolt,2,4.02
Indomitable Creativity,1309.56,Prismatic Ending,4,14.84
Indomitable Creativity,1309.56,Remand,3,9.9
Indomitable Creativity,1309.56,Indomitable Creativity,4,21.68
Indomitable Creativity,1309.56,Prismari Command,3,18.0
Indomitable Creativity,1309.56,Fire // Ice,4,1.2
Indomitable Creativity,1309.56,Arid Mesa,4,79.96
Indomitable Creativity,1309.56,Dwarven Mine,4,1.0
Indomitable Creativity,1309.56,Island,1,0.0
Indomitable Creativity,1309.56,Ketria Triome,1,11.99
Indomitable Creativity,1309.56,Plains,1,0.0
Indomitable Creativity,1309.56,Raugrin Triome,1,12.58
Indomitable Creativity,1309.56,Sacred Foundry,1,19.94
Indomitable Creativity,1309.56,Scalding Tarn,4,132.44
Indomitable Creativity,1309.56,Steam Vents,2,30.54
Indomitable Creativity,1309.56,Stomping Ground,1,10.38
Indomitable Creativity,1309.56,Wooded Foothills,4,156.2
Indomitable Creativity,1309.56,Alpine Moon,1,8.0
Indomitable Creativity,1309.56,Blossoming Calm,1,0.25
Indomitable Creativity,1309.56,Flusterstorm,2,54.1
Indomitable Creativity,1309.56,Veil of Summer,2,17.54
Indomitable Creativity,1309.56,Dovin's Veto,2,6.18
Indomitable Creativity,1309.56,Lightning Helix,2,2.12
Indomitable Creativity,1309.56,Rest in Peace,2,12.9
Indomitable Creativity,1309.56,Wear // Tear,1,2.4
Indomitable Creativity,1309.56,Shark Typhoon,2,21.24
Dredge,534.38,Golgari Thug,4,4.0
Dredge,534.38,Narcomoeba,4,2.0
Dredge,534.38,Prized Amalgam,4,6.72
Dredge,534.38,Silversmote Ghoul,3,0.9
Dredge,534.38,Stinkweed Imp,4,3.96
Dredge,534.38,Ox of Agonas,2,7.54
Dredge,534.38,Conflagrate,1,0.25
Dredge,534.38,Darkblast,4,2.0
Dredge,534.38,Otherworldly Gaze,4,1.28
Dredge,534.38,Cathartic Reunion,4,1.0
Dredge,534.38,Thrilling Discovery,4,1.28
Dredge,534.38,Creeping Chill,4,2.0
Dredge,534.38,Blackcleave Cliffs,3,99.0
Dredge,534.38,City of Brass,4,80.04
Dredge,534.38,Gemstone Mine,4,28.16
Dredge,534.38,Inspiring Vantage,1,8.88
Dredge,534.38,Mana Confluence,4,96.0
Dredge,534.38,Spirebluff Canal,2,30.88
Dredge,534.38,Gemstone Caverns,3,83.64
Dredge,534.38,Inquisition of Kozilek,1,3.1
Dredge,534.38,Prismatic Ending,2,7.42
Dredge,534.38,Thoughtseize,3,44.91
Dredge,534.38,Ancient Grudge,2,0.5
Dredge,534.38,Leyline of Sanctity,3,11.97
Dredge,534.38,Leyline of the Void,1,6.95
Selesnya Hardened Scales,1082.13,Lurrus of the Dream-Den,1,6.92
Selesnya Hardened Scales,1082.13,Hangarback Walker,4,20.32
Selesnya Hardened Scales,1082.13,Walking Ballista,4,66.32
Selesnya Hardened Scales,1082.13,Arcbound Worker,1,0.39
Selesnya Hardened Scales,1082.13,Esper Sentinel,3,69.72
Selesnya Hardened Scales,1082.13,"Zabaz, the Glimmerwasp",4,1.96
Selesnya Hardened Scales,1082.13,Arcbound Ravager,4,73.4
Selesnya Hardened Scales,1082.13,Ingenious Smith,4,5.96
Selesnya Hardened Scales,1082.13,Welding Jar,1,1.0
Selesnya Hardened Scales,1082.13,Animation Module,1,1.0
Selesnya Hardened Scales,1082.13,Shadowspear,1,19.71
Selesnya Hardened Scales,1082.13,Springleaf Drum,1,2.25
Selesnya Hardened Scales,1082.13,The Ozolith,3,48.66
Selesnya Hardened Scales,1082.13,Throne of Geth,1,0.38
Selesnya Hardened Scales,1082.13,Hardened Scales,4,35.24
Selesnya Hardened Scales,1082.13,Forest,2,0.0
Selesnya Hardened Scales,1082.13,Inkmoth Nexus,4,179.92
Selesnya Hardened Scales,1082.13,Llanowar Reborn,2,0.8
Selesnya Hardened Scales,1082.13,Pendelhaven,1,3.38
Selesnya Hardened Scales,1082.13,Plains,1,0.0
Selesnya Hardened Scales,1082.13,Sacred Foundry,1,19.94
Selesnya Hardened Scales,1082.13,Stomping Ground,1,10.38
Selesnya Hardened Scales,1082.13,Temple Garden,1,10.8
Selesnya Hardened Scales,1082.13,Urza's Saga,4,177.56
Selesnya Hardened Scales,1082.13,Windswept Heath,4,118.92
Selesnya Hardened Scales,1082.13,Wooded Foothills,3,117.15
Selesnya Hardened Scales,1082.13,Grafdigger's Cage,1,2.09
Selesnya Hardened Scales,1082.13,Nature's Claim,2,2.38
Selesnya Hardened Scales,1082.13,Path to Exile,1,4.47
Selesnya Hardened Scales,1082.13,Pithing Needle,1,1.0
Selesnya Hardened Scales,1082.13,Prismatic Ending,3,11.13
Selesnya Hardened Scales,1082.13,Relic of Progenitus,2,11.74
Selesnya Hardened Scales,1082.13,Veil of Summer,2,17.54
Selesnya Hardened Scales,1082.13,Torpor Orb,2,39.7
Thopter Combo,1766.88,"Yorion, Sky Nomad",1,2.75
Thopter Combo,1766.88,Stoneforge Mystic,4,186.4
Thopter Combo,1766.88,"Urza, Lord High Artificer",4,184.96
Thopter Combo,1766.88,Solitude,4,220.0
Thopter Combo,1766.88,"Teferi, Time Raveler",4,75.6
Thopter Combo,1766.88,Prismatic Ending,4,14.84
Thopter Combo,1766.88,Counterspell,4,6.04
Thopter Combo,1766.88,Metallic Rebuke,3,0.75
Thopter Combo,1766.88,Whir of Invention,3,8.01
Thopter Combo,1766.88,Chalice of the Void,4,272.0
Thopter Combo,1766.88,Engineered Explosives,2,37.98
Thopter Combo,1766.88,Mishra's Bauble,4,44.52
Thopter Combo,1766.88,Aether Spellbomb,1,0.28
Thopter Combo,1766.88,Portable Hole,1,1.87
Thopter Combo,1766.88,Shadowspear,1,19.71
Thopter Combo,1766.88,Soul-Guide Lantern,1,2.42
Thopter Combo,1766.88,Springleaf Drum,1,2.25
Thopter Combo,1766.88,Sword of the Meek,1,2.49
Thopter Combo,1766.88,Thopter Foundry,3,1.17
Thopter Combo,1766.88,Kaldra Compleat,1,6.08
Thopter Combo,1766.88,Flooded Strand,4,161.28
Thopter Combo,1766.88,Hallowed Fountain,2,17.9
Thopter Combo,1766.88,Island,4,0.0
Thopter Combo,1766.88,Marsh Flats,4,76.04
Thopter Combo,1766.88,Misty Rainforest,2,60.0
Thopter Combo,1766.88,Plains,1,0.0
Thopter Combo,1766.88,Polluted Delta,1,48.95
Thopter Combo,1766.88,Raugrin Triome,1,12.58
Thopter Combo,1766.88,Razortide Bridge,1,0.35
Thopter Combo,1766.88,Scalding Tarn,1,33.11
Thopter Combo,1766.88,Seachrome Coast,4,50.96
Thopter Combo,1766.88,Urza's Saga,4,177.56
Thopter Combo,1766.88,Watery Grave,1,12.99
Thopter Combo,1766.88,Nihil Spellbomb,1,0.52
Thopter Combo,1766.88,Pithing Needle,1,1.0
Thopter Combo,1766.88,Portable Hole,1,1.87
Thopter Combo,1766.88,Aether Gust,3,1.5
Thopter Combo,1766.88,Damping Sphere,1,1.77
Thopter Combo,1766.88,Spreading Seas,3,15.69
Thopter Combo,1766.88,Sunset Revelry,3,1.92
Thopter Combo,1766.88,Witchbane Orb,1,0.77
Generic Ragavan,1153.4,Dragon's Rage Channeler,4,10.6
Generic Ragavan,1153.4,"Ragavan, Nimble Pilferer",4,345.28
Generic Ragavan,1153.4,Dreadhorde Arcanist,3,5.94
Generic Ragavan,1153.4,"Kroxa, Titan of Death's Hunger",1,23.0
Generic Ragavan,1153.4,Young Pyromancer,2,1.0
Generic Ragavan,1153.4,Lurrus of the Dream-Den,1,6.92
Generic Ragavan,1153.4,Fatal Push,1,2.45
Generic Ragavan,1153.4,Inquisition of Kozilek,3,9.3
Generic Ragavan,1153.4,Prismatic Ending,3,11.13
Generic Ragavan,1153.4,Thoughtseize,3,44.91
Generic Ragavan,1153.4,Unholy Heat,3,1.5
Generic Ragavan,1153.4,Terminate,1,0.94
Generic Ragavan,1153.4,Kolaghan's Command,2,21.5
Generic Ragavan,1153.4,Lingering Souls,3,1.35
Generic Ragavan,1153.4,Mishra's Bauble,3,33.39
Generic Ragavan,1153.4,Blood Moon,2,36.78
Generic Ragavan,1153.4,Arid Mesa,3,59.97
Generic Ragavan,1153.4,Blackcleave Cliffs,3,99.0
Generic Ragavan,1153.4,Blood Crypt,2,33.76
Generic Ragavan,1153.4,Bloodstained Mire,2,79.98
Generic Ragavan,1153.4,Godless Shrine,1,13.37
Generic Ragavan,1153.4,Graven Cairns,2,19.26
Generic Ragavan,1153.4,Inspiring Vantage,1,8.88
Generic Ragavan,1153.4,Marsh Flats,4,76.04
Generic Ragavan,1153.4,Plains,1,0.0
Generic Ragavan,1153.4,Sacred Foundry,1,19.94
Generic Ragavan,1153.4,Swamp,1,0.0
Generic Ragavan,1153.4,Chalice of the Void,1,68.0
Generic Ragavan,1153.4,Engineered Explosives,2,37.98
Generic Ragavan,1153.4,Dauthi Voidwalker,3,30.69
Generic Ragavan,1153.4,Stony Silence,1,5.11
Generic Ragavan,1153.4,Terminate,1,0.94
Generic Ragavan,1153.4,"Tourach, Dread Cantor",2,13.3
Generic Ragavan,1153.4,Blood Moon,1,18.39
Generic Ragavan,1153.4,Kaya's Guile,2,8.0
Generic Ragavan,1153.4,Wear // Tear,2,4.8
Naya Midrange,1302.78,"Obosh, the Preypiercer",1,0.59
Naya Midrange,1302.78,Arbor Elf,4,2.72
Naya Midrange,1302.78,"Ragavan, Nimble Pilferer",4,345.28
Naya Midrange,1302.78,Endurance,3,109.41
Naya Midrange,1302.78,"Klothys, God of Destiny",2,14.92
Naya Midrange,1302.78,Seasoned Pyromancer,4,140.36
Naya Midrange,1302.78,Fury,4,88.0
Naya Midrange,1302.78,Stormbreath Dragon,2,4.86
Naya Midrange,1302.78,Lightning Bolt,4,8.04
Naya Midrange,1302.78,Prismatic Ending,4,14.84
Naya Midrange,1302.78,Utopia Sprawl,4,21.16
Naya Midrange,1302.78,Blood Moon,4,73.56
Naya Midrange,1302.78,Arid Mesa,1,19.99
Naya Midrange,1302.78,Forest,4,0.0
Naya Midrange,1302.78,Horizon Canopy,1,25.4
Naya Midrange,1302.78,Mountain,1,0.0
Naya Midrange,1302.78,Plains,1,0.0
Naya Midrange,1302.78,Sacred Foundry,1,19.94
Naya Midrange,1302.78,Stomping Ground,2,20.76
Naya Midrange,1302.78,Temple Garden,1,10.8
Naya Midrange,1302.78,Verdant Catacombs,1,25.38
Naya Midrange,1302.78,Windswept Heath,4,118.92
Naya Midrange,1302.78,Wooded Foothills,4,156.2
Naya Midrange,1302.78,Blossoming Calm,2,0.5
Naya Midrange,1302.78,Path to Exile,2,8.94
Naya Midrange,1302.78,Veil of Summer,3,26.31
Naya Midrange,1302.78,Endurance,1,36.47
Naya Midrange,1302.78,Kitchen Finks,2,1.98
Naya Midrange,1302.78,Pillage,1,0.25
Naya Midrange,1302.78,Wear // Tear,3,7.2
Elementals,1836.34,"Yorion, Sky Nomad",1,2.75
Elementals,1836.34,Voice of Resurgence,4,12.48
Elementals,1836.34,Endurance,1,36.47
Elementals,1836.34,Risen Reef,4,7.92
Elementals,1836.34,"Omnath, Locus of Creation",4,45.72
Elementals,1836.34,Subtlety,1,6.09
Elementals,1836.34,Fury,4,88.0
Elementals,1836.34,Mulldrifter,4,1.6
Elementals,1836.34,Solitude,4,220.0
Elementals,1836.34,"Titania, Protector of Argoth",1,1.45
Elementals,1836.34,"Teferi, Time Raveler",4,75.6
Elementals,1836.34,Ephemerate,4,5.2
Elementals,1836.34,Lightning Bolt,3,6.03
Elementals,1836.34,Prismatic Ending,4,14.84
Elementals,1836.34,Eladamri's Call,3,20.97
Elementals,1836.34,Oath of Nissa,4,10.4
Elementals,1836.34,Arid Mesa,1,19.99
Elementals,1836.34,Breeding Pool,1,21.93
Elementals,1836.34,Cavern of Souls,4,340.96
Elementals,1836.34,Flooded Strand,4,161.28
Elementals,1836.34,Hallowed Fountain,1,8.95
Elementals,1836.34,Horizon Canopy,1,25.4
Elementals,1836.34,Ketria Triome,1,11.99
Elementals,1836.34,Misty Rainforest,4,120.0
Elementals,1836.34,Raugrin Triome,1,12.58
Elementals,1836.34,Sacred Foundry,1,19.94
Elementals,1836.34,Snow-Covered Forest,1,1.0
Elementals,1836.34,Snow-Covered Island,1,1.25
Elementals,1836.34,Snow-Covered Plains,1,0.38
Elementals,1836.34,Steam Vents,1,15.27
Elementals,1836.34,Stomping Ground,1,10.38
Elementals,1836.34,Temple Garden,1,10.8
Elementals,1836.34,Waterlogged Grove,1,7.54
Elementals,1836.34,Windswept Heath,4,118.92
Elementals,1836.34,Wooded Foothills,1,39.05
Elementals,1836.34,Engineered Explosives,2,37.98
Elementals,1836.34,Alpine Moon,1,8.0
Elementals,1836.34,Veil of Summer,2,17.54
Elementals,1836.34,Rest in Peace,2,12.9
Elementals,1836.34,Force of Negation,3,223.92
Elementals,1836.34,Wispmare,1,0.33
Elementals,1836.34,Force of Vigor,1,25.96
Elementals,1836.34,Foundation Breaker,1,0.49
Elementals,1836.34,Subtlety,1,6.09
Grixis Control,1262.82,Lurrus of the Dream-Den,1,6.92
Grixis Control,1262.82,"Ragavan, Nimble Pilferer",4,345.28
Grixis Control,1262.82,Snapcaster Mage,4,182.88
Grixis Control,1262.82,Cling to Dust,1,0.35
Grixis Control,1262.82,Consider,3,6.0
Grixis Control,1262.82,Inquisition of Kozilek,3,9.3
Grixis Control,1262.82,Lightning Bolt,2,4.02
Grixis Control,1262.82,Unholy Heat,4,2.0
Grixis Control,1262.82,Drown in the Loch,4,8.0
Grixis Control,1262.82,Expressive Iteration,4,25.84
Grixis Control,1262.82,Terminate,1,0.94
Grixis Control,1262.82,Kolaghan's Command,3,32.25
Grixis Control,1262.82,Engineered Explosives,1,18.99
Grixis Control,1262.82,Mishra's Bauble,4,44.52
Grixis Control,1262.82,Dress Down,1,2.66
Grixis Control,1262.82,Blackcleave Cliffs,2,66.0
Grixis Control,1262.82,Blood Crypt,1,16.88
Grixis Control,1262.82,Bloodstained Mire,1,39.99
Grixis Control,1262.82,Darkslick Shores,2,34.24
Grixis Control,1262.82,Island,2,0.0
Grixis Control,1262.82,Mountain,1,0.0
Grixis Control,1262.82,Polluted Delta,4,195.8
Grixis Control,1262.82,Scalding Tarn,3,99.33
Grixis Control,1262.82,Steam Vents,2,30.54
Grixis Control,1262.82,Swamp,2,0.0
Grixis Control,1262.82,Watery Grave,1,12.99
Grixis Control,1262.82,Engineered Explosives,1,18.99
Grixis Control,1262.82,Alpine Moon,1,8.0
Grixis Control,1262.82,Nihil Spellbomb,1,0.52
Grixis Control,1262.82,Soul-Guide Lantern,1,2.42
Grixis Control,1262.82,Thoughtseize,2,29.94
Grixis Control,1262.82,Counterspell,3,4.53
Grixis Control,1262.82,Dress Down,2,5.32
Grixis Control,1262.82,Terminate,1,0.94
Grixis Control,1262.82,Painful Truths,1,0.5
Grixis Control,1262.82,Memory Deluge,1,5.94
Infect,812.41,Glistener Elf,4,4.6
Infect,812.41,Ignoble Hierarch,4,22.76
Infect,812.41,Plague Stinger,4,2.48
Infect,812.41,Phyrexian Crusader,4,136.76
Infect,812.41,Blossoming Defense,2,1.0
Infect,812.41,Fatal Push,2,4.9
Infect,812.41,Might of Old Krosa,4,1.6
Infect,812.41,Mutagenic Growth,4,7.96
Infect,812.41,Scale Up,4,2.6
Infect,812.41,Thoughtseize,2,29.94
Infect,812.41,Vines of Vastwood,4,5.0
Infect,812.41,Become Immense,1,0.3
Infect,812.41,Blooming Marsh,4,28.32
Infect,812.41,Inkmoth Nexus,4,179.92
Infect,812.41,Nurturing Peatland,2,21.76
Infect,812.41,Overgrown Tomb,3,41.64
Infect,812.41,Pendelhaven,1,3.38
Infect,812.41,Snow-Covered Forest,2,2.0
Infect,812.41,Snow-Covered Swamp,1,1.09
Infect,812.41,Verdant Catacombs,4,101.52
Infect,812.41,Fatal Push,2,4.9
Infect,812.41,Grafdigger's Cage,2,4.18
Infect,812.41,Soul-Guide Lantern,1,2.42
Infect,812.41,Thoughtseize,2,29.94
Infect,812.41,Veil of Summer,1,8.77
Infect,812.41,Endurance,3,109.41
Infect,812.41,Force of Vigor,2,51.92
Infect,812.41,Gemrazer,2,1.34
Esper Control,1101.21,Snapcaster Mage,4,182.88
Esper Control,1101.21,"Teferi, Time Raveler",2,37.8
Esper Control,1101.21,"Teferi, Hero of Dominaria",3,78.48
Esper Control,1101.21,Fatal Push,3,7.35
Esper Control,1101.21,Prismatic Ending,2,7.42
Esper Control,1101.21,Counterspell,4,6.04
Esper Control,1101.21,Drown in the Loch,1,2.0
Esper Control,1101.21,Archmage's Charm,4,64.56
Esper Control,1101.21,Esper Charm,2,1.5
Esper Control,1101.21,Kaya's Guile,2,8.0
Esper Control,1101.21,Memory Deluge,2,11.88
Esper Control,1101.21,Supreme Verdict,2,15.62
Esper Control,1101.21,Spreading Seas,4,20.92
Esper Control,1101.21,Castle Vantress,1,2.12
Esper Control,1101.21,Celestial Colonnade,1,4.4
Esper Control,1101.21,Drowned Catacomb,4,28.6
Esper Control,1101.21,Flooded Strand,4,161.28
Esper Control,1101.21,Glacial Fortress,1,4.05
Esper Control,1101.21,Hall of Storm Giants,1,4.19
Esper Control,1101.21,Hallowed Fountain,2,17.9
Esper Control,1101.21,Island,3,0.0
Esper Control,1101.21,Misty Rainforest,2,60.0
Esper Control,1101.21,Mystic Gate,1,30.62
Esper Control,1101.21,Plains,1,0.0
Esper Control,1101.21,Polluted Delta,1,48.95
Esper Control,1101.21,Scalding Tarn,1,33.11
Esper Control,1101.21,Watery Grave,2,25.98
Esper Control,1101.21,Chalice of the Void,1,68.0
Esper Control,1101.21,Fatal Push,1,2.45
Esper Control,1101.21,Thoughtseize,1,14.97
Esper Control,1101.21,Aether Gust,1,0.5
Esper Control,1101.21,Celestial Purge,1,0.26
Esper Control,1101.21,Dovin's Veto,2,6.18
Esper Control,1101.21,Fracture,1,0.61
Esper Control,1101.21,Kaya's Guile,1,4.0
Esper Control,1101.21,"Teferi, Time Raveler",1,18.9
Esper Control,1101.21,Supreme Verdict,1,7.81
Esper Control,1101.21,Shark Typhoon,2,21.24
Esper Control,1101.21,"Emrakul, the Promised End",1,43.74
Esper Control,1101.21,"Emrakul, the Aeons Torn",1,46.9
Grinding Station,1252.04,Dragon's Rage Channeler,4,10.6
Grinding Station,1252.04,"Ragavan, Nimble Pilferer",4,345.28
Grinding Station,1252.04,Thassa's Oracle,1,9.13
Grinding Station,1252.04,"Emry, Lurker of the Loch",4,12.52
Grinding Station,1252.04,Unholy Heat,4,2.0
Grinding Station,1252.04,Expressive Iteration,3,19.38
Grinding Station,1252.04,Mishra's Bauble,4,44.52
Grinding Station,1252.04,Mox Amber,4,143.96
Grinding Station,1252.04,Aether Spellbomb,1,0.28
Grinding Station,1252.04,Brainstone,1,0.26
Grinding Station,1252.04,Pithing Needle,1,1.0
Grinding Station,1252.04,Shadowspear,1,19.71
Grinding Station,1252.04,Springleaf Drum,1,2.25
Grinding Station,1252.04,Grinding Station,4,43.0
Grinding Station,1252.04,Underworld Breach,4,24.0
Grinding Station,1252.04,Arid Mesa,2,39.98
Grinding Station,1252.04,Flooded Strand,2,80.64
Grinding Station,1252.04,Island,1,0.0
Grinding Station,1252.04,Mountain,2,0.0
Grinding Station,1252.04,Scalding Tarn,4,132.44
Grinding Station,1252.04,Spirebluff Canal,2,30.88
Grinding Station,1252.04,Steam Vents,3,45.81
Grinding Station,1252.04,Urza's Saga,4,177.56
Grinding Station,1252.04,Engineered Explosives,2,37.98
Grinding Station,1252.04,Tormod's Crypt,1,0.5
Grinding Station,1252.04,Lightning Bolt,2,4.02
Grinding Station,1252.04,Shattering Spree,1,6.79
Grinding Station,1252.04,Spell Pierce,2,0.7
Grinding Station,1252.04,Dragon's Claw,2,0.66
Grinding Station,1252.04,Spreading Seas,3,15.69
Grinding Station,1252.04,Metallic Rebuke,2,0.5
Mardu Midrange,1193.48,Lurrus of the Dream-Den,1,6.92
Mardu Midrange,1193.48,Dragon's Rage Channeler,4,10.6
Mardu Midrange,1193.48,"Ragavan, Nimble Pilferer",4,345.28
Mardu Midrange,1193.48,Dauthi Voidwalker,1,10.23
Mardu Midrange,1193.48,"Kroxa, Titan of Death's Hunger",2,46.0
Mardu Midrange,1193.48,"Tourach, Dread Cantor",3,19.95
Mardu Midrange,1193.48,Inquisition of Kozilek,4,12.4
Mardu Midrange,1193.48,Prismatic Ending,4,14.84
Mardu Midrange,1193.48,Thoughtseize,3,44.91
Mardu Midrange,1193.48,Unholy Heat,4,2.0
Mardu Midrange,1193.48,Kaya's Guile,3,12.0
Mardu Midrange,1193.48,Kolaghan's Command,2,21.5
Mardu Midrange,1193.48,Mishra's Bauble,4,44.52
Mardu Midrange,1193.48,Arid Mesa,3,59.97
Mardu Midrange,1193.48,Blackcleave Cliffs,3,99.0
Mardu Midrange,1193.48,Blood Crypt,2,33.76
Mardu Midrange,1193.48,Bloodstained Mire,4,159.96
Mardu Midrange,1193.48,Den of the Bugbear,1,8.47
Mardu Midrange,1193.48,Godless Shrine,1,13.37
Mardu Midrange,1193.48,Graven Cairns,1,9.63
Mardu Midrange,1193.48,Inspiring Vantage,1,8.88
Mardu Midrange,1193.48,Sacred Foundry,1,19.94
Mardu Midrange,1193.48,"Shizo, Death's Storehouse",1,31.87
Mardu Midrange,1193.48,Snow-Covered Mountain,1,0.75
Mardu Midrange,1193.48,Snow-Covered Plains,1,0.38
Mardu Midrange,1193.48,Snow-Covered Swamp,1,1.09
Mardu Midrange,1193.48,"Urborg, Tomb of Yawgmoth",1,30.9
Mardu Midrange,1193.48,Chalice of the Void,1,68.0
Mardu Midrange,1193.48,Engineered Explosives,1,18.99
Mardu Midrange,1193.48,Alpine Moon,2,16.0
Mardu Midrange,1193.48,Flame Blitz,1,0.25
Mardu Midrange,1193.48,Nihil Spellbomb,2,1.04
Mardu Midrange,1193.48,Damping Sphere,2,3.54
Mardu Midrange,1193.48,"Tourach, Dread Cantor",1,6.65
Mardu Midrange,1193.48,Void Mirror,1,1.09
Mardu Midrange,1193.48,Kaya's Guile,1,4.0
Mardu Midrange,1193.48,Wear // Tear,2,4.8
Reanimator,914.18,Grief,4,58.04
Reanimator,914.18,Mulldrifter,4,1.6
Reanimator,914.18,Solitude,4,220.0
Reanimator,914.18,Archon of Cruelty,4,49.36
Reanimator,914.18,"Teferi, Time Raveler",3,56.7
Reanimator,914.18,Ephemerate,4,5.2
Reanimator,914.18,Prismatic Ending,3,11.13
Reanimator,914.18,Faithful Mending,4,6.68
Reanimator,914.18,Persist,4,6.56
Reanimator,914.18,Unmarked Grave,3,9.87
Reanimator,914.18,Unburial Rites,1,0.25
Reanimator,914.18,Concealed Courtyard,4,10.28
Reanimator,914.18,Creeping Tar Pit,1,3.68
Reanimator,914.18,Flooded Strand,2,80.64
Reanimator,914.18,Godless Shrine,1,13.37
Reanimator,914.18,Hallowed Fountain,2,17.9
Reanimator,914.18,Island,1,0.0
Reanimator,914.18,Marsh Flats,4,76.04
Reanimator,914.18,Plains,1,0.0
Reanimator,914.18,Polluted Delta,3,146.85
Reanimator,914.18,Swamp,1,0.0
Reanimator,914.18,Watery Grave,2,25.98
Reanimator,914.18,Engineered Explosives,2,37.98
Reanimator,914.18,Fatal Push,2,4.9
Reanimator,914.18,Prismatic Ending,1,3.71
Reanimator,914.18,Thoughtseize,2,29.94
Reanimator,914.18,Mana Leak,1,0.33
Reanimator,914.18,Stony Silence,2,10.22
Reanimator,914.18,"Ashiok, Dream Render",1,1.85
Reanimator,914.18,Leyline of the Void,3,20.85
Reanimator,914.18,Serra's Emissary,1,4.27
Selesnya Lifegain,1006.45,Walking Ballista,2,33.16
Selesnya Lifegain,1006.45,Arbor Elf,4,2.72
Selesnya Lifegain,1006.45,Noble Hierarch,1,15.99
Selesnya Lifegain,1006.45,Auriok Champion,3,55.92
Selesnya Lifegain,1006.45,Conclave Mentor,2,3.26
Selesnya Lifegain,1006.45,Sanctifier en-Vec,1,1.58
Selesnya Lifegain,1006.45,"Heliod, Sun-Crowned",4,78.56
Selesnya Lifegain,1006.45,Ranger-Captain of Eos,4,58.2
Selesnya Lifegain,1006.45,Skyclave Apparition,4,24.64
Selesnya Lifegain,1006.45,Spike Feeder,4,6.8
Selesnya Lifegain,1006.45,Eladamri's Call,1,6.99
Selesnya Lifegain,1006.45,Collected Company,4,71.92
Selesnya Lifegain,1006.45,Utopia Sprawl,4,21.16
Selesnya Lifegain,1006.45,Forest,3,0.0
Selesnya Lifegain,1006.45,Gavony Township,1,4.28
Selesnya Lifegain,1006.45,Horizon Canopy,3,76.2
Selesnya Lifegain,1006.45,Plains,2,0.0
Selesnya Lifegain,1006.45,Prismatic Vista,2,56.0
Selesnya Lifegain,1006.45,Temple Garden,4,43.2
Selesnya Lifegain,1006.45,Verdant Catacombs,2,50.76
Selesnya Lifegain,1006.45,Windswept Heath,4,118.92
Selesnya Lifegain,1006.45,"Yavimaya, Cradle of Growth",1,11.99
Selesnya Lifegain,1006.45,Burrenton Forge-Tender,1,0.4
Selesnya Lifegain,1006.45,Veil of Summer,2,17.54
Selesnya Lifegain,1006.45,Hushbringer,2,2.0
Selesnya Lifegain,1006.45,Sanctifier en-Vec,2,3.16
Selesnya Lifegain,1006.45,Voice of Resurgence,2,6.24
Selesnya Lifegain,1006.45,Endurance,2,72.94
Selesnya Lifegain,1006.45,Force of Vigor,2,51.92
Selesnya Lifegain,1006.45,Solitude,2,110.0
Enigmatic Incarnation,1269.72,"Yorion, Sky Nomad",1,2.75
Enigmatic Incarnation,1269.72,Meddling Mage,1,1.58
Enigmatic Incarnation,1269.72,Phantasmal Image,1,3.91
Enigmatic Incarnation,1269.72,Sanctifier en-Vec,1,1.58
Enigmatic Incarnation,1269.72,"Sythis, Harvest's Hand",1,1.85
Enigmatic Incarnation,1269.72,Eternal Witness,1,3.5
Enigmatic Incarnation,1269.72,Glasspool Mimic,1,3.56
Enigmatic Incarnation,1269.72,Lurrus of the Dream-Den,1,6.92
Enigmatic Incarnation,1269.72,Magus of the Moon,1,4.4
Enigmatic Incarnation,1269.72,Renegade Rallier,2,0.6
Enigmatic Incarnation,1269.72,Skyclave Apparition,1,6.16
Enigmatic Incarnation,1269.72,Wandering Mind,3,0.75
Enigmatic Incarnation,1269.72,Fury,1,22.0
Enigmatic Incarnation,1269.72,Solitude,3,165.0
Enigmatic Incarnation,1269.72,"Yorion, Sky Nomad",1,2.75
Enigmatic Incarnation,1269.72,Wrenn and Six,3,308.97
Enigmatic Incarnation,1269.72,Ephemerate,2,2.6
Enigmatic Incarnation,1269.72,Abundant Growth,4,2.84
Enigmatic Incarnation,1269.72,Seal of Fire,2,0.8
Enigmatic Incarnation,1269.72,Utopia Sprawl,4,21.16
Enigmatic Incarnation,1269.72,Dress Down,2,5.32
Enigmatic Incarnation,1269.72,Omen of the Forge,2,0.42
Enigmatic Incarnation,1269.72,Omen of the Sea,3,0.75
Enigmatic Incarnation,1269.72,Spreading Seas,4,20.92
Enigmatic Incarnation,1269.72,Enigmatic Incarnation,4,1.6
Enigmatic Incarnation,1269.72,Showdown of the Skalds,4,3.08
Enigmatic Incarnation,1269.72,Breeding Pool,1,21.93
Enigmatic Incarnation,1269.72,Flooded Strand,4,161.28
Enigmatic Incarnation,1269.72,Hallowed Fountain,1,8.95
Enigmatic Incarnation,1269.72,Ketria Triome,1,11.99
Enigmatic Incarnation,1269.72,Misty Rainforest,4,120.0
Enigmatic Incarnation,1269.72,Raugrin Triome,1,12.58
Enigmatic Incarnation,1269.72,Sacred Foundry,1,19.94
Enigmatic Incarnation,1269.72,Snow-Covered Forest,2,2.0
Enigmatic Incarnation,1269.72,Snow-Covered Island,1,1.25
Enigmatic Incarnation,1269.72,Snow-Covered Mountain,1,0.75
Enigmatic Incarnation,1269.72,Snow-Covered Plains,1,0.38
Enigmatic Incarnation,1269.72,Steam Vents,1,15.27
Enigmatic Incarnation,1269.72,Stomping Ground,1,10.38
Enigmatic Incarnation,1269.72,Temple Garden,1,10.8
Enigmatic Incarnation,1269.72,Windswept Heath,4,118.92
Enigmatic Incarnation,1269.72,Wooded Foothills,2,78.1
Enigmatic Incarnation,1269.72,On Thin Ice,2,5.74
Enigmatic Incarnation,1269.72,Veil of Summer,3,26.31
Enigmatic Incarnation,1269.72,Aether Gust,2,1.0
Enigmatic Incarnation,1269.72,Dress Down,2,5.32
Enigmatic Incarnation,1269.72,Sanctifier en-Vec,2,3.16
Enigmatic Incarnation,1269.72,Endurance,1,36.47
Enigmatic Incarnation,1269.72,Knight of Autumn,1,0.73
Enigmatic Incarnation,1269.72,Obsidian Charmaw,1,0.7
Martyr Proc,660.17,"Yorion, Sky Nomad",1,2.75
Martyr Proc,660.17,Walking Ballista,1,16.58
Martyr Proc,660.17,Giant Killer,1,0.51
Martyr Proc,660.17,Kami of False Hope,1,1.43
Martyr Proc,660.17,Martyr of Sands,4,1.0
Martyr Proc,660.17,Serra Ascendant,4,100.0
Martyr Proc,660.17,Speaker of the Heavens,1,1.64
Martyr Proc,660.17,Thraben Inspector,4,1.32
Martyr Proc,660.17,Squadron Hawk,4,1.12
Martyr Proc,660.17,Ranger-Captain of Eos,4,58.2
Martyr Proc,660.17,Skyclave Apparition,4,24.64
Martyr Proc,660.17,Ranger of Eos,4,14.72
Martyr Proc,660.17,Solitude,4,220.0
Martyr Proc,660.17,Path to Exile,4,17.88
Martyr Proc,660.17,Winds of Abandon,2,6.94
Martyr Proc,660.17,Proclamation of Rebirth,1,0.61
Martyr Proc,660.17,Day of Judgment,1,2.57
Martyr Proc,660.17,Wrath of God,1,5.73
Martyr Proc,660.17,Crucible of Worlds,1,41.2
Martyr Proc,660.17,Abiding Grace,3,0.78
Martyr Proc,660.17,Castle Ardenvale,2,5.0
Martyr Proc,660.17,"Emeria, the Sky Ruin",3,33.0
Martyr Proc,660.17,Field of Ruin,4,1.48
Martyr Proc,660.17,Flagstones of Trokair,1,4.18
Martyr Proc,660.17,Ghost Quarter,4,5.6
Martyr Proc,660.17,Mistveil Plains,1,1.78
Martyr Proc,660.17,Plains,16,0.0
Martyr Proc,660.17,Walking Ballista,1,16.58
Martyr Proc,660.17,Burrenton Forge-Tender,1,0.4
Martyr Proc,660.17,Isolate,2,0.9
Martyr Proc,660.17,Relic of Progenitus,3,17.61
Martyr Proc,660.17,Sanctifier en-Vec,4,6.32
Martyr Proc,660.17,Winds of Abandon,1,3.47
Martyr Proc,660.17,Cleansing Nova,1,0.49
Martyr Proc,660.17,"Emrakul, the Promised End",1,43.74
Izzet Control,1083.04,Snapcaster Mage,4,182.88
Izzet Control,1083.04,Brazen Borrower,1,12.0
Izzet Control,1083.04,Fury,1,22.0
Izzet Control,1083.04,Murktide Regent,3,57.0
Izzet Control,1083.04,"Jace, the Mind Sculptor",1,59.6
Izzet Control,1083.04,"Ral, Izzet Viceroy",1,1.39
Izzet Control,1083.04,Consider,4,8.0
Izzet Control,1083.04,Lightning Bolt,4,8.04
Izzet Control,1083.04,Counterspell,4,6.04
Izzet Control,1083.04,Expressive Iteration,4,25.84
Izzet Control,1083.04,Archmage's Charm,4,64.56
Izzet Control,1083.04,Force of Negation,1,74.64
Izzet Control,1083.04,Prismari Command,1,6.0
Izzet Control,1083.04,Dead // Gone,1,0.25
Izzet Control,1083.04,Fire // Ice,3,0.9
Izzet Control,1083.04,Blood Moon,2,36.78
Izzet Control,1083.04,Hall of Storm Giants,1,4.19
Izzet Control,1083.04,Island,7,0.0
Izzet Control,1083.04,Polluted Delta,4,195.8
Izzet Control,1083.04,Scalding Tarn,4,132.44
Izzet Control,1083.04,Steam Vents,3,45.81
Izzet Control,1083.04,Sulfur Falls,2,9.44
Izzet Control,1083.04,Engineered Explosives,2,37.98
Izzet Control,1083.04,Flusterstorm,2,54.1
Izzet Control,1083.04,Relic of Progenitus,2,11.74
Izzet Control,1083.04,Dragon's Claw,2,0.66
Izzet Control,1083.04,Dress Down,1,2.66
Izzet Control,1083.04,Spreading Seas,2,10.46
Izzet Control,1083.04,Anger of the Gods,1,1.3
Izzet Control,1083.04,Mystical Dispute,1,1.05
Izzet Control,1083.04,Vendilion Clique,1,8.99
Izzet Control,1083.04,Shatterstorm,1,0.5
Death & Taxes,881.57,Esper Sentinel,3,69.72
Death & Taxes,881.57,Giver of Runes,4,25.92
Death & Taxes,881.57,Leonin Arbiter,4,12.8
Death & Taxes,881.57,Stoneforge Mystic,4,186.4
Death & Taxes,881.57,"Thalia, Guardian of Thraben",4,11.48
Death & Taxes,881.57,Flickerwisp,4,1.0
Death & Taxes,881.57,Skyclave Apparition,4,24.64
Death & Taxes,881.57,Solitude,4,220.0
Death & Taxes,881.57,Emeria's Call,3,13.5
Death & Taxes,881.57,Aether Vial,4,135.92
Death & Taxes,881.57,Sword of Fire and Ice,1,55.69
Death & Taxes,881.57,Batterskull,1,9.88
Death & Taxes,881.57,Kaldra Compleat,1,6.08
Death & Taxes,881.57,Cave of the Frost Dragon,2,2.42
Death & Taxes,881.57,Field of Ruin,4,1.48
Death & Taxes,881.57,Ghost Quarter,4,5.6
Death & Taxes,881.57,Horizon Canopy,2,50.8
Death & Taxes,881.57,Mishra's Factory,2,0.5
Death & Taxes,881.57,Plains,5,0.0
Death & Taxes,881.57,Burrenton Forge-Tender,1,0.4
Death & Taxes,881.57,Path to Exile,1,4.47
Death & Taxes,881.57,Portable Hole,2,3.74
Death & Taxes,881.57,Damping Sphere,1,1.77
Death & Taxes,881.57,"Kataki, War's Wage",2,16.0
Death & Taxes,881.57,Rest in Peace,2,12.9
Death & Taxes,881.57,Sanctifier en-Vec,4,6.32
Death & Taxes,881.57,Aven Mindcensor,2,2.14
Affinity,759.72,Memnite,4,18.04
Affinity,759.72,Ornithopter,4,1.48
Affinity,759.72,Frogmite,4,1.6
Affinity,759.72,Myr Enforcer,2,0.98
Affinity,759.72,Sojourner's Companion,4,1.0
Affinity,759.72,Thought Monitor,4,7.16
Affinity,759.72,Craterhoof Behemoth,2,59.96
Affinity,759.72,Neoform,4,2.44
Affinity,759.72,Chalice of the Void,4,272.0
Affinity,759.72,Mishra's Bauble,4,44.52
Affinity,759.72,Shadowspear,1,19.71
Affinity,759.72,Springleaf Drum,4,9.0
Affinity,759.72,Cranial Plating,2,1.08
Affinity,759.72,Darksteel Citadel,4,2.04
Affinity,759.72,Glimmervoid,4,33.92
Affinity,759.72,Tanglepool Bridge,1,0.25
Affinity,759.72,Treasure Vault,4,25.64
Affinity,759.72,Urza's Saga,4,177.56
Affinity,759.72,Tanglepool Bridge,1,0.25
Affinity,759.72,Flusterstorm,2,54.1
Affinity,759.72,Pithing Needle,1,1.0
Affinity,759.72,Relic of Progenitus,1,5.87
Affinity,759.72,Hurkyl's Recall,2,8.0
Affinity,759.72,Nettlecyst,4,6.84
Affinity,759.72,Thoughtcast,4,5.28
Dimir Control,979.49,Lurrus of the Dream-Den,1,6.92
Dimir Control,979.49,Snapcaster Mage,3,137.16
Dimir Control,979.49,"Tourach, Dread Cantor",2,13.3
Dimir Control,979.49,Bloodchief's Thirst,2,1.0
Dimir Control,979.49,Cling to Dust,1,0.35
Dimir Control,979.49,Consider,4,8.0
Dimir Control,979.49,Fatal Push,3,7.35
Dimir Control,979.49,Inquisition of Kozilek,2,6.2
Dimir Control,979.49,Thoughtseize,2,29.94
Dimir Control,979.49,Counterspell,4,6.04
Dimir Control,979.49,Drown in the Loch,4,8.0
Dimir Control,979.49,Archmage's Charm,4,64.56
Dimir Control,979.49,Memory Deluge,2,11.88
Dimir Control,979.49,Murderous Cut,1,0.3
Dimir Control,979.49,Mishra's Bauble,2,22.26
Dimir Control,979.49,Spreading Seas,4,20.92
Dimir Control,979.49,Castle Vantress,1,2.12
Dimir Control,979.49,Darkslick Shores,3,51.36
Dimir Control,979.49,Hall of Storm Giants,1,4.19
Dimir Control,979.49,Island,3,0.0
Dimir Control,979.49,Polluted Delta,4,195.8
Dimir Control,979.49,Scalding Tarn,2,66.22
Dimir Control,979.49,Sunken Ruins,3,53.34
Dimir Control,979.49,Swamp,1,0.0
Dimir Control,979.49,Watery Grave,2,25.98
Dimir Control,979.49,Chalice of the Void,2,136.0
Dimir Control,979.49,Engineered Explosives,2,37.98
Dimir Control,979.49,Cling to Dust,1,0.35
Dimir Control,979.49,Flusterstorm,2,54.1
Dimir Control,979.49,Pithing Needle,2,2.0
Dimir Control,979.49,Soul-Guide Lantern,1,2.42
Dimir Control,979.49,Mystical Dispute,3,3.15
Dimir Control,979.49,Murderous Cut,1,0.3
4c Tempo,1234.97,Lurrus of the Dream-Den,1,6.92
4c Tempo,1234.97,Dragon's Rage Channeler,4,10.6
4c Tempo,1234.97,"Ragavan, Nimble Pilferer",4,345.28
4c Tempo,1234.97,"Kroxa, Titan of Death's Hunger",2,46.0
4c Tempo,1234.97,Snapcaster Mage,1,45.72
4c Tempo,1234.97,Inquisition of Kozilek,4,12.4
4c Tempo,1234.97,Lightning Bolt,2,4.02
4c Tempo,1234.97,Prismatic Ending,3,11.13
4c Tempo,1234.97,Thoughtseize,2,29.94
4c Tempo,1234.97,Unholy Heat,3,1.5
4c Tempo,1234.97,Drown in the Loch,3,6.0
4c Tempo,1234.97,Expressive Iteration,3,19.38
4c Tempo,1234.97,Kaya's Guile,2,8.0
4c Tempo,1234.97,Kolaghan's Command,2,21.5
4c Tempo,1234.97,Mishra's Bauble,4,44.52
4c Tempo,1234.97,Blackcleave Cliffs,2,66.0
4c Tempo,1234.97,Blood Crypt,1,16.88
4c Tempo,1234.97,Bloodstained Mire,4,159.96
4c Tempo,1234.97,Godless Shrine,1,13.37
4c Tempo,1234.97,Marsh Flats,4,76.04
4c Tempo,1234.97,Mountain,1,0.0
4c Tempo,1234.97,Raugrin Triome,1,12.58
4c Tempo,1234.97,Sacred Foundry,1,19.94
4c Tempo,1234.97,Scalding Tarn,3,99.33
4c Tempo,1234.97,Steam Vents,1,15.27
4c Tempo,1234.97,Swamp,1,0.0
4c Tempo,1234.97,Watery Grave,1,12.99
4c Tempo,1234.97,Engineered Explosives,2,37.98
4c Tempo,1234.97,Alpine Moon,2,16.0
4c Tempo,1234.97,Spell Pierce,1,0.35
4c Tempo,1234.97,Unearth,1,0.38
4c Tempo,1234.97,Feed the Swarm,1,0.51
4c Tempo,1234.97,"Lavinia, Azorius Renegade",1,0.96
4c Tempo,1234.97,Snapcaster Mage,1,45.72
4c Tempo,1234.97,"Tourach, Dread Cantor",1,6.65
4c Tempo,1234.97,Kaya's Guile,2,8.0
4c Tempo,1234.97,Kolaghan's Command,1,10.75
4c Tempo,1234.97,Wear // Tear,1,2.4
Eldrazi Tron,842.44,Walking Ballista,3,49.74
Eldrazi Tron,842.44,Matter Reshaper,4,8.0
Eldrazi Tron,842.44,Thought-Knot Seer,4,18.96
Eldrazi Tron,842.44,Reality Smasher,4,11.6
Eldrazi Tron,842.44,"Karn, the Great Creator",4,44.0
Eldrazi Tron,842.44,Warping Wail,2,3.52
Eldrazi Tron,842.44,Dismember,4,11.24
Eldrazi Tron,842.44,All Is Dust,1,8.67
Eldrazi Tron,842.44,Chalice of the Void,4,272.0
Eldrazi Tron,842.44,Basilisk Collar,1,2.34
Eldrazi Tron,842.44,Expedition Map,4,7.88
Eldrazi Tron,842.44,Relic of Progenitus,1,5.87
Eldrazi Tron,842.44,Blast Zone,2,6.54
Eldrazi Tron,842.44,Cavern of Souls,1,85.24
Eldrazi Tron,842.44,Eldrazi Temple,4,30.04
Eldrazi Tron,842.44,Scavenger Grounds,1,1.15
Eldrazi Tron,842.44,"Urborg, Tomb of Yawgmoth",1,30.9
Eldrazi Tron,842.44,Urza's Mine,4,3.16
Eldrazi Tron,842.44,Urza's Power Plant,4,3.4
Eldrazi Tron,842.44,Urza's Saga,2,88.78
Eldrazi Tron,842.44,Urza's Tower,4,3.12
Eldrazi Tron,842.44,Wastes,1,0.8
Eldrazi Tron,842.44,Tormod's Crypt,1,0.5
Eldrazi Tron,842.44,Treasure Vault,1,6.41
Eldrazi Tron,842.44,Walking Ballista,1,16.58
Eldrazi Tron,842.44,Grafdigger's Cage,1,2.09
Eldrazi Tron,842.44,Pithing Needle,1,1.0
Eldrazi Tron,842.44,Relic of Progenitus,1,5.87
Eldrazi Tron,842.44,Liquimetal Coating,1,1.17
Eldrazi Tron,842.44,Ratchet Bomb,1,0.99
Eldrazi Tron,842.44,Sorcerous Spyglass,1,0.48
Eldrazi Tron,842.44,Torpor Orb,1,19.85
Eldrazi Tron,842.44,Ensnaring Bridge,1,21.06
Eldrazi Tron,842.44,"Skysovereign, Consul Flagship",1,2.0
Eldrazi Tron,842.44,Wurmcoil Engine,1,22.96
Eldrazi Tron,842.44,Sundering Titan,1,0.79
Eldrazi Tron,842.44,"Emrakul, the Promised End",1,43.74
Abzan Midrange,1324.82,Dark Confidant,4,138.16
Abzan Midrange,1324.82,Stoneforge Mystic,4,186.4
Abzan Midrange,1324.82,Tarmogoyf,4,99.96
Abzan Midrange,1324.82,"Grist, the Hunger Tide",1,6.23
Abzan Midrange,1324.82,Liliana of the Veil,3,206.25
Abzan Midrange,1324.82,Inquisition of Kozilek,4,12.4
Abzan Midrange,1324.82,Path to Exile,1,4.47
Abzan Midrange,1324.82,Prismatic Ending,3,11.13
Abzan Midrange,1324.82,Thoughtseize,3,44.91
Abzan Midrange,1324.82,Abrupt Decay,1,4.79
Abzan Midrange,1324.82,Assassin's Trophy,2,29.02
Abzan Midrange,1324.82,Kaya's Guile,1,4.0
Abzan Midrange,1324.82,Lingering Souls,4,1.8
Abzan Midrange,1324.82,Batterskull,1,9.88
Abzan Midrange,1324.82,Kaldra Compleat,1,6.08
Abzan Midrange,1324.82,Forest,1,0.0
Abzan Midrange,1324.82,Godless Shrine,2,26.74
Abzan Midrange,1324.82,Indatha Triome,1,8.74
Abzan Midrange,1324.82,Marsh Flats,2,38.02
Abzan Midrange,1324.82,Overgrown Tomb,2,27.76
Abzan Midrange,1324.82,Plains,1,0.0
Abzan Midrange,1324.82,Shambling Vent,1,1.49
Abzan Midrange,1324.82,Silent Clearing,2,26.32
Abzan Midrange,1324.82,Stirring Wildwood,1,0.67
Abzan Midrange,1324.82,Swamp,2,0.0
Abzan Midrange,1324.82,Temple Garden,1,10.8
Abzan Midrange,1324.82,Vault of the Archangel,1,6.66
Abzan Midrange,1324.82,Verdant Catacombs,4,101.52
Abzan Midrange,1324.82,Windswept Heath,2,59.46
Abzan Midrange,1324.82,Path to Exile,1,4.47
Abzan Midrange,1324.82,Surgical Extraction,2,42.06
Abzan Midrange,1324.82,Damn,1,3.92
Abzan Midrange,1324.82,Damping Sphere,2,3.54
Abzan Midrange,1324.82,Scavenging Ooze,1,0.99
Abzan Midrange,1324.82,Kaya's Guile,2,8.0
Abzan Midrange,1324.82,Sword of Fire and Ice,1,55.69
Abzan Midrange,1324.82,Grief,1,14.51
Abzan Midrange,1324.82,Leyline of Sanctity,2,7.98
Abzan Midrange,1324.82,Solitude,2,110.0
Ad Nauseam,496.02,Thassa's Oracle,4,36.52
Ad Nauseam,496.02,Pact of Negation,3,38.13
Ad Nauseam,496.02,Profane Tutor,4,10.28
Ad Nauseam,496.02,Angel's Grace,4,10.68
Ad Nauseam,496.02,Serum Visions,3,3.0
Ad Nauseam,496.02,Sleight of Hand,3,3.21
Ad Nauseam,496.02,Spoils of the Vault,4,2.96
Ad Nauseam,496.02,Thoughtseize,2,29.94
Ad Nauseam,496.02,Ad Nauseam,1,9.5
Ad Nauseam,496.02,Lotus Bloom,4,8.0
Ad Nauseam,496.02,Pentad Prism,4,1.24
Ad Nauseam,496.02,Phyrexian Unlife,4,22.76
Ad Nauseam,496.02,City of Brass,4,80.04
Ad Nauseam,496.02,Clearwater Pathway,2,12.0
Ad Nauseam,496.02,Darkslick Shores,4,68.48
Ad Nauseam,496.02,Gemstone Mine,4,28.16
Ad Nauseam,496.02,Island,1,0.0
Ad Nauseam,496.02,Plains,1,0.0
Ad Nauseam,496.02,Seachrome Coast,3,38.22
Ad Nauseam,496.02,Swamp,1,0.0
Ad Nauseam,496.02,Pact of Negation,1,12.71
Ad Nauseam,496.02,Slaughter Pact,1,1.49
Ad Nauseam,496.02,Prismatic Ending,4,14.84
Ad Nauseam,496.02,Thoughtseize,2,29.94
Ad Nauseam,496.02,Veil of Summer,2,17.54
Ad Nauseam,496.02,Echoing Truth,1,0.42
Ad Nauseam,496.02,Leyline of Sanctity,4,15.96
Merfolk,742.99,Tide Shaper,4,1.16
Merfolk,742.99,Master of the Pearl Trident,4,11.96
Merfolk,742.99,Merfolk Trickster,4,3.92
Merfolk,742.99,Silvergill Adept,4,1.28
Merfolk,742.99,Svyelun of Sea and Sky,4,9.96
Merfolk,742.99,Subtlety,4,24.36
Merfolk,742.99,Repeal,4,1.0
Merfolk,742.99,Archmage's Charm,4,64.56
Merfolk,742.99,Aether Vial,4,135.92
Merfolk,742.99,Spreading Seas,4,20.92
Merfolk,742.99,Castle Vantress,1,2.12
Merfolk,742.99,Cavern of Souls,1,85.24
Merfolk,742.99,Faerie Conclave,4,5.0
Merfolk,742.99,Island,8,0.0
Merfolk,742.99,Lonely Sandbar,1,0.25
Merfolk,742.99,"Minamo, School at Water's Edge",1,16.26
Merfolk,742.99,"Oboro, Palace in the Clouds",1,81.07
Merfolk,742.99,Riptide Laboratory,1,0.49
Merfolk,742.99,Waterlogged Grove,2,15.08
Merfolk,742.99,Ancestral Vision,3,11.97
Merfolk,742.99,Relic of Progenitus,3,17.61
Merfolk,742.99,Counterspell,3,4.53
Merfolk,742.99,Thieving Skydiver,3,4.41
Merfolk,742.99,Force of Negation,3,223.92
Boros Midrange,1346.28,Esper Sentinel,4,92.96
Boros Midrange,1346.28,"Ragavan, Nimble Pilferer",4,345.28
Boros Midrange,1346.28,Ranger-Captain of Eos,4,58.2
Boros Midrange,1346.28,Seasoned Pyromancer,2,70.18
Boros Midrange,1346.28,Fury,4,88.0
Boros Midrange,1346.28,Solitude,4,220.0
Boros Midrange,1346.28,Ephemerate,4,5.2
Boros Midrange,1346.28,Brought Back,3,10.47
Boros Midrange,1346.28,Blood Moon,3,55.17
Boros Midrange,1346.28,Showdown of the Skalds,4,3.08
Boros Midrange,1346.28,Arid Mesa,4,79.96
Boros Midrange,1346.28,Inspiring Vantage,4,35.52
Boros Midrange,1346.28,Rugged Prairie,1,6.0
Boros Midrange,1346.28,Sacred Foundry,3,59.82
Boros Midrange,1346.28,Snow-Covered Mountain,1,0.75
Boros Midrange,1346.28,Snow-Covered Plains,6,2.28
Boros Midrange,1346.28,Windswept Heath,4,118.92
Boros Midrange,1346.28,Wooded Foothills,1,39.05
Boros Midrange,1346.28,Burrenton Forge-Tender,2,0.8
Boros Midrange,1346.28,Prismatic Ending,2,7.42
Boros Midrange,1346.28,Drannith Magistrate,2,14.5
Boros Midrange,1346.28,Rest in Peace,2,12.9
Boros Midrange,1346.28,Sanctifier en-Vec,3,4.74
Boros Midrange,1346.28,Stony Silence,2,10.22
Boros Midrange,1346.28,Stormbreath Dragon,2,4.86
General Ferrous,783.18,Territorial Kavu,4,1.92
General Ferrous,783.18,General Ferrous Rokiric,3,2.13
General Ferrous,783.18,Mantis Rider,4,4.04
General Ferrous,783.18,Shardless Agent,4,2.92
General Ferrous,783.18,Bloodbraid Elf,4,5.88
General Ferrous,783.18,Fury,2,44.0
General Ferrous,783.18,Scion of Draco,4,8.6
General Ferrous,783.18,Lightning Bolt,4,8.04
General Ferrous,783.18,Lightning Helix,4,4.24
General Ferrous,783.18,Tribal Flames,4,1.0
General Ferrous,783.18,Arid Mesa,1,19.99
General Ferrous,783.18,Breeding Pool,2,43.86
General Ferrous,783.18,Flooded Strand,4,161.28
General Ferrous,783.18,Indatha Triome,1,8.74
General Ferrous,783.18,Mountain,2,0.0
General Ferrous,783.18,Sacred Foundry,1,19.94
General Ferrous,783.18,Savai Triome,1,10.0
General Ferrous,783.18,Scalding Tarn,2,66.22
General Ferrous,783.18,Steam Vents,2,30.54
General Ferrous,783.18,Stomping Ground,1,10.38
General Ferrous,783.18,Temple Garden,1,10.8
General Ferrous,783.18,Wooded Foothills,4,156.2
General Ferrous,783.18,Zagoth Triome,1,12.67
General Ferrous,783.18,Alpine Moon,2,16.0
General Ferrous,783.18,Path to Exile,2,8.94
General Ferrous,783.18,"Lavinia, Azorius Renegade",2,1.92
General Ferrous,783.18,Rest in Peace,3,19.35
General Ferrous,783.18,Fulminator Mage,2,3.7
General Ferrous,783.18,Force of Vigor,3,77.88
General Ferrous,783.18,Fury,1,22.0
Azorius Spirits,974.21,Mausoleum Wanderer,4,11.16
Azorius Spirits,974.21,Phantasmal Image,2,7.82
Azorius Spirits,974.21,Rattlechains,4,1.6
Azorius Spirits,974.21,Selfless Spirit,3,28.68
Azorius Spirits,974.21,Shacklegeist,4,1.2
Azorius Spirits,974.21,Supreme Phantom,4,2.36
Azorius Spirits,974.21,Cemetery Illuminator,2,8.16
Azorius Spirits,974.21,Drogskol Captain,4,1.72
Azorius Spirits,974.21,Skyclave Apparition,4,24.64
Azorius Spirits,974.21,Spell Queller,4,16.0
Azorius Spirits,974.21,Aether Vial,4,135.92
Azorius Spirits,974.21,Cavern of Souls,3,255.72
Azorius Spirits,974.21,Flooded Strand,4,161.28
Azorius Spirits,974.21,Hallowed Fountain,3,26.85
Azorius Spirits,974.21,Island,2,0.0
Azorius Spirits,974.21,Misty Rainforest,1,30.0
Azorius Spirits,974.21,Moorland Haunt,2,0.8
Azorius Spirits,974.21,Plains,1,0.0
Azorius Spirits,974.21,Seachrome Coast,4,50.96
Azorius Spirits,974.21,Waterlogged Grove,1,7.54
Azorius Spirits,974.21,Burrenton Forge-Tender,3,1.2
Azorius Spirits,974.21,Echoing Truth,2,0.84
Azorius Spirits,974.21,"Kataki, War's Wage",3,24.0
Azorius Spirits,974.21,"Lavinia, Azorius Renegade",2,1.92
Azorius Spirits,974.21,Rest in Peace,2,12.9
Azorius Spirits,974.21,Force of Negation,2,149.28
Azorius Spirits,974.21,"Kira, Great Glass-Spinner",1,11.66
Twiddle Storm,56.07,Vizier of Tumbling Sands,2,0.58
Twiddle Storm,56.07,Dream's Grip,4,2.32
Twiddle Storm,56.07,Reach Through Mists,4,1.0
Twiddle Storm,56.07,Serum Visions,4,4.0
Twiddle Storm,56.07,Sleight of Hand,4,4.28
Twiddle Storm,56.07,Twiddle,2,0.66
Twiddle Storm,56.07,Echoing Truth,2,0.84
Twiddle Storm,56.07,Grapeshot,2,0.62
Twiddle Storm,56.07,Ideas Unbound,4,5.16
Twiddle Storm,56.07,Peer Through Depths,4,1.16
Twiddle Storm,56.07,Psychic Puppetry,4,1.96
Twiddle Storm,56.07,Empty the Warrens,1,0.25
Twiddle Storm,56.07,Past in Flames,3,6.27
Twiddle Storm,56.07,Island,7,0.0
Twiddle Storm,56.07,Lonely Sandbar,4,1.0
Twiddle Storm,56.07,Lotus Field,4,19.24
Twiddle Storm,56.07,Shivan Reef,4,4.24
Twiddle Storm,56.07,Tolaria West,1,2.49
Eldrazi,1360.64,"Ragavan, Nimble Pilferer",4,345.28
Eldrazi,1360.64,Bonecrusher Giant,4,3.24
Eldrazi,1360.64,Eldrazi Obligator,4,2.0
Eldrazi,1360.64,Matter Reshaper,4,8.0
Eldrazi,1360.64,Seasoned Pyromancer,2,70.18
Eldrazi,1360.64,Thought-Knot Seer,4,18.96
Eldrazi,1360.64,Fury,4,88.0
Eldrazi,1360.64,Reality Smasher,4,11.6
Eldrazi,1360.64,Shatterskull Smashing,4,36.4
Eldrazi,1360.64,Dismember,2,5.62
Eldrazi,1360.64,Chalice of the Void,4,272.0
Eldrazi,1360.64,Blast Zone,1,3.27
Eldrazi,1360.64,Cavern of Souls,2,170.48
Eldrazi,1360.64,Eldrazi Temple,4,30.04
Eldrazi,1360.64,Gemstone Caverns,1,27.88
Eldrazi,1360.64,Mountain,3,0.0
Eldrazi,1360.64,Prismatic Vista,4,112.0
Eldrazi,1360.64,Ramunap Ruins,4,2.0
Eldrazi,1360.64,Wastes,1,0.8
Eldrazi,1360.64,Engineered Explosives,3,56.97
Eldrazi,1360.64,Relic of Progenitus,4,23.48
Eldrazi,1360.64,Abrade,3,0.75
Eldrazi,1360.64,Blood Moon,3,55.17
Eldrazi,1360.64,"Karn, Scion of Urza",2,16.52
Four-color Aggro,774.69,Birds of Paradise,3,35.49
Four-color Aggro,774.69,Noble Hierarch,4,63.96
Four-color Aggro,774.69,Scavenging Ooze,2,1.98
Four-color Aggro,774.69,Voice of Resurgence,3,9.36
Four-color Aggro,774.69,Courser of Kruphix,2,6.6
Four-color Aggro,774.69,Deputy of Detention,1,0.99
Four-color Aggro,774.69,Knight of Autumn,1,0.73
Four-color Aggro,774.69,Knight of the Reliquary,4,8.36
Four-color Aggro,774.69,Skyclave Apparition,3,18.48
Four-color Aggro,774.69,Spell Queller,3,12.0
Four-color Aggro,774.69,Tireless Tracker,2,12.3
Four-color Aggro,774.69,Prismatic Ending,4,14.84
Four-color Aggro,774.69,Collected Company,4,71.92
Four-color Aggro,774.69,Retreat to Coralhelm,2,2.06
Four-color Aggro,774.69,Breeding Pool,1,21.93
Four-color Aggro,774.69,Flooded Strand,3,120.96
Four-color Aggro,774.69,Forest,2,0.0
Four-color Aggro,774.69,Gavony Township,1,4.28
Four-color Aggro,774.69,Ghost Quarter,1,1.4
Four-color Aggro,774.69,Hallowed Fountain,1,8.95
Four-color Aggro,774.69,Horizon Canopy,1,25.4
Four-color Aggro,774.69,Kessig Wolf Run,1,3.99
Four-color Aggro,774.69,Misty Rainforest,3,90.0
Four-color Aggro,774.69,Plains,1,0.0
Four-color Aggro,774.69,Stomping Ground,1,10.38
Four-color Aggro,774.69,Temple Garden,1,10.8
Four-color Aggro,774.69,Windswept Heath,4,118.92
Four-color Aggro,774.69,"Yavimaya, Cradle of Growth",1,11.99
Four-color Aggro,774.69,Path to Exile,3,13.41
Four-color Aggro,774.69,Collector Ouphe,1,6.04
Four-color Aggro,774.69,"Lavinia, Azorius Renegade",3,2.88
Four-color Aggro,774.69,Sanctifier en-Vec,2,3.16
Four-color Aggro,774.69,"Ashiok, Dream Render",2,3.7
Four-color Aggro,774.69,Knight of Autumn,1,0.73
Four-color Aggro,774.69,"Teferi, Time Raveler",3,56.7
Lantern,542.9,Ancient Stirrings,4,1.64
Lantern,542.9,Inquisition of Kozilek,4,12.4
Lantern,542.9,Prismatic Ending,4,14.84
Lantern,542.9,Thoughtseize,2,29.94
Lantern,542.9,Collective Brutality,1,4.35
Lantern,542.9,Mishra's Bauble,4,44.52
Lantern,542.9,Welding Jar,1,1.0
Lantern,542.9,Codex Shredder,4,1.0
Lantern,542.9,Elixir of Immortality,1,0.75
Lantern,542.9,Expedition Map,1,1.97
Lantern,542.9,Ghoulcaller's Bell,1,0.25
Lantern,542.9,Lantern of Insight,4,16.0
Lantern,542.9,Pithing Needle,1,1.0
Lantern,542.9,Pyxis of Pandemonium,2,0.92
Lantern,542.9,Soul-Guide Lantern,1,2.42
Lantern,542.9,Ensnaring Bridge,4,84.24
Lantern,542.9,Academy Ruins,1,9.52
Lantern,542.9,Blooming Marsh,3,21.24
Lantern,542.9,Concealed Courtyard,2,5.14
Lantern,542.9,Forest,1,0.0
Lantern,542.9,Glimmervoid,4,33.92
Lantern,542.9,Inventors' Fair,1,7.01
Lantern,542.9,Spire of Industry,4,11.88
Lantern,542.9,Swamp,1,0.0
Lantern,542.9,Urza's Saga,4,177.56
Lantern,542.9,Welding Jar,1,1.0
Lantern,542.9,Fatal Push,1,2.45
Lantern,542.9,Grafdigger's Cage,1,2.09
Lantern,542.9,Nature's Claim,2,2.38
Lantern,542.9,Pithing Needle,1,1.0
Lantern,542.9,Damping Sphere,1,1.77
Lantern,542.9,Spellskite,1,4.53
Lantern,542.9,Torpor Orb,1,19.85
Lantern,542.9,"Kaya, Orzhov Usurper",2,8.36
Lantern,542.9,Leyline of Sanctity,4,15.96
Glimpse Combo,1138.97,Risen Reef,4,7.92
Glimpse Combo,1138.97,Seasoned Pyromancer,4,140.36
Glimpse Combo,1138.97,Shardless Agent,4,2.92
Glimpse Combo,1138.97,"Omnath, Locus of Creation",4,45.72
Glimpse Combo,1138.97,Fury,3,66.0
Glimpse Combo,1138.97,Wavesifter,4,0.76
Glimpse Combo,1138.97,"Emrakul, the Aeons Torn",3,140.7
Glimpse Combo,1138.97,Glimpse of Tomorrow,3,1.41
Glimpse Combo,1138.97,Violent Outburst,4,22.8
Glimpse Combo,1138.97,Omniscience,3,44.97
Glimpse Combo,1138.97,Breeding Pool,1,21.93
Glimpse Combo,1138.97,Forest,1,0.0
Glimpse Combo,1138.97,Island,1,0.0
Glimpse Combo,1138.97,Ketria Triome,1,11.99
Glimpse Combo,1138.97,Khalni Garden,4,1.16
Glimpse Combo,1138.97,Misty Rainforest,4,120.0
Glimpse Combo,1138.97,Mountain,1,0.0
Glimpse Combo,1138.97,Raugrin Triome,1,12.58
Glimpse Combo,1138.97,Sacred Foundry,1,19.94
Glimpse Combo,1138.97,Scalding Tarn,2,66.22
Glimpse Combo,1138.97,Steam Vents,1,15.27
Glimpse Combo,1138.97,Stomping Ground,1,10.38
Glimpse Combo,1138.97,Temple Garden,1,10.8
Glimpse Combo,1138.97,Wooded Foothills,4,156.2
Glimpse Combo,1138.97,Endurance,2,72.94
Glimpse Combo,1138.97,Mystical Dispute,4,4.2
Glimpse Combo,1138.97,Force of Vigor,4,103.84
Glimpse Combo,1138.97,Leyline of Sanctity,4,15.96
Glimpse Combo,1138.97,Fury,1,22.0
Azorius Stoneblade,1728.65,"Ragavan, Nimble Pilferer",4,345.28
Azorius Stoneblade,1728.65,Snapcaster Mage,2,91.44
Azorius Stoneblade,1728.65,Stoneforge Mystic,4,186.4
Azorius Stoneblade,1728.65,Brazen Borrower,1,12.0
Azorius Stoneblade,1728.65,Spell Queller,3,12.0
Azorius Stoneblade,1728.65,Solitude,1,55.0
Azorius Stoneblade,1728.65,"Teferi, Time Raveler",3,56.7
Azorius Stoneblade,1728.65,"Jace, the Mind Sculptor",1,59.6
Azorius Stoneblade,1728.65,Lightning Bolt,4,8.04
Azorius Stoneblade,1728.65,Path to Exile,1,4.47
Azorius Stoneblade,1728.65,Prismatic Ending,3,11.13
Azorius Stoneblade,1728.65,Counterspell,3,4.53
Azorius Stoneblade,1728.65,Expressive Iteration,3,19.38
Azorius Stoneblade,1728.65,Force of Negation,1,74.64
Azorius Stoneblade,1728.65,Sword of Fire and Ice,1,55.69
Azorius Stoneblade,1728.65,Batterskull,1,9.88
Azorius Stoneblade,1728.65,Kaldra Compleat,1,6.08
Azorius Stoneblade,1728.65,Arid Mesa,1,19.99
Azorius Stoneblade,1728.65,Castle Ardenvale,1,2.5
Azorius Stoneblade,1728.65,Celestial Colonnade,2,8.8
Azorius Stoneblade,1728.65,Flooded Strand,4,161.28
Azorius Stoneblade,1728.65,Hallowed Fountain,2,17.9
Azorius Stoneblade,1728.65,Raugrin Triome,1,12.58
Azorius Stoneblade,1728.65,Sacred Foundry,1,19.94
Azorius Stoneblade,1728.65,Scalding Tarn,3,99.33
Azorius Stoneblade,1728.65,Snow-Covered Island,1,1.25
Azorius Stoneblade,1728.65,Snow-Covered Mountain,1,0.75
Azorius Stoneblade,1728.65,Snow-Covered Plains,1,0.38
Azorius Stoneblade,1728.65,Spirebluff Canal,3,46.32
Azorius Stoneblade,1728.65,Steam Vents,2,30.54
Azorius Stoneblade,1728.65,Engineered Explosives,1,18.99
Azorius Stoneblade,1728.65,Alpine Moon,2,16.0
Azorius Stoneblade,1728.65,Aether Gust,1,0.5
Azorius Stoneblade,1728.65,Cleansing Wildfire,1,0.35
Azorius Stoneblade,1728.65,Lightning Helix,1,1.06
Azorius Stoneblade,1728.65,Rest in Peace,2,12.9
Azorius Stoneblade,1728.65,Sanctifier en-Vec,1,1.58
Azorius Stoneblade,1728.65,Force of Negation,2,149.28
Azorius Stoneblade,1728.65,Sword of Feast and Famine,1,65.06
Azorius Stoneblade,1728.65,"Teferi, Time Raveler",1,18.9
Azorius Stoneblade,1728.65,Supreme Verdict,1,7.81
Azorius Stoneblade,1728.65,Wear // Tear,1,2.4
Smallpox,750.18,Timeless Dragon,3,1.2
Smallpox,750.18,"Grist, the Hunger Tide",1,6.23
Smallpox,750.18,"Kaya, Orzhov Usurper",1,4.18
Smallpox,750.18,Liliana of the Veil,4,275.0
Smallpox,750.18,Bloodchief's Thirst,1,0.5
Smallpox,750.18,Cling to Dust,1,0.35
Smallpox,750.18,Fatal Push,4,9.8
Smallpox,750.18,Inquisition of Kozilek,3,9.3
Smallpox,750.18,Prismatic Ending,4,14.84
Smallpox,750.18,Thoughtseize,2,29.94
Smallpox,750.18,Damn,1,3.92
Smallpox,750.18,Smallpox,4,1.6
Smallpox,750.18,Kaya's Guile,2,8.0
Smallpox,750.18,Lingering Souls,4,1.8
Smallpox,750.18,Vindicate,2,2.54
Smallpox,750.18,Flagstones of Trokair,4,16.72
Smallpox,750.18,Godless Shrine,4,53.48
Smallpox,750.18,Indatha Triome,1,8.74
Smallpox,750.18,Marsh Flats,4,76.04
Smallpox,750.18,Plains,2,0.0
Smallpox,750.18,Silent Clearing,2,26.32
Smallpox,750.18,Swamp,2,0.0
Smallpox,750.18,Temple Garden,1,10.8
Smallpox,750.18,"Urborg, Tomb of Yawgmoth",3,92.7
Smallpox,750.18,Surgical Extraction,3,63.09
Smallpox,750.18,Vanishing Verse,3,6.6
Smallpox,750.18,Fulminator Mage,4,7.4
Smallpox,750.18,Gideon of the Trials,2,7.98
Smallpox,750.18,Kaya's Guile,2,8.0
Smallpox,750.18,"Thrun, the Last Troll",1,3.11
Prison Tron,923.89,Walking Ballista,1,16.58
Prison Tron,923.89,Spellskite,4,18.12
Prison Tron,923.89,"Karn, the Great Creator",4,44.0
Prison Tron,923.89,Chalice of the Void,4,272.0
Prison Tron,923.89,Welding Jar,1,1.0
Prison Tron,923.89,Elixir of Immortality,1,0.75
Prison Tron,923.89,Expedition Map,4,7.88
Prison Tron,923.89,Pithing Needle,1,1.0
Prison Tron,923.89,Relic of Progenitus,2,11.74
Prison Tron,923.89,Ratchet Bomb,2,1.98
Prison Tron,923.89,Sorcerous Spyglass,2,0.96
Prison Tron,923.89,Torpor Orb,1,19.85
Prison Tron,923.89,Ensnaring Bridge,3,63.18
Prison Tron,923.89,Serum Powder,4,4.0
Prison Tron,923.89,Mystic Forge,4,25.08
Prison Tron,923.89,Blast Zone,1,3.27
Prison Tron,923.89,Gemstone Caverns,1,27.88
Prison Tron,923.89,Inventors' Fair,3,21.03
Prison Tron,923.89,Island,1,0.0
